cluster	participant_id	component	Hem	glm	weight	noise	weight_sum	BF	ratio	epoch
M1-S1	102	expectation	L	12.0	9.324328415571007e-09	1.4452300539896117	0.018862041746164664	-1.0000009495871605	4.943435361374375e-07	plan
M1-S1	102	expectation	R	12.0	0.0009477616474432879	1.4279608649165234	0.02282418083049473	-0.994579425393058	0.041524454020142126	plan
M1-S1	103	expectation	L	12.0	0.055540434108903976	1.2347159132703962	0.07321310690556113	34.731108180741934	0.7586132655256189	plan
M1-S1	103	expectation	R	12.0	0.05373518392172098	1.2077889495405056	0.060883174212677284	27.568392043942737	0.8825949799202827	plan
M1-S1	104	expectation	L	12.0	0.10659062898693678	1.0262102383525806	0.12100926525303915	145.74083420598384	0.8808468406452021	plan
M1-S1	104	expectation	R	12.0	0.012227067717966555	0.9815131217197819	0.012227082780968148	2.0499792787376987	0.9999987680625163	plan
M1-S1	105	expectation	L	12.0	0.014681146762969555	0.6166403473112863	0.019745840927183518	12.512465043875144	0.7435057750697491	plan
M1-S1	105	expectation	R	12.0	0.00039471571422701744	0.614706165100408	0.00039471571439157846	-0.980563928605446	0.9999999995830899	plan
M1-S1	106	expectation	L	12.0	0.032019225453722266	0.9815094048751589	0.032019225453722266	22.380669937004342	1.0	plan
M1-S1	106	expectation	R	12.0	0.0050788330934746	0.937880444750541	0.0081194471684333	0.12904960196375947	0.625514642575671	plan
M1-S1	107	expectation	L	12.0	0.11138360850243668	1.1710559015199125	0.1113836085024374	125.2149478932839	0.9999999999999936	plan
M1-S1	107	expectation	R	12.0	0.036187501532463945	0.9819505770550647	0.036187501532463945	18.884013422821333	1.0	plan
M1-S1	108	expectation	L	12.0	0.009856170472851701	1.0283658415570252	0.01802573906127021	2.5615257675523946	0.546783154873716	plan
M1-S1	108	expectation	R	12.0	0.001252014373702049	0.9850285626875155	0.001252014373702049	-0.9778227842807085	1.0	plan
M1-S1	109	expectation	L	12.0	0.06679074803605982	1.3351350244443685	0.09292044007680056	18.45078984322486	0.7187950033475515	plan
M1-S1	109	expectation	R	12.0	0.02248393475252347	1.3068210561857603	0.02294816755894359	1.4407458956957906	0.9797703757728057	plan
M1-S1	110	expectation	L	12.0	0.12874353557184998	1.668741956332734	0.13943571012660777	75.46043366512134	0.9233182479219325	plan
M1-S1	110	expectation	R	12.0	5.494125292015377e-10	1.436786000503235	0.016096765578293558	-1.000002979155966	3.4131858759403126e-08	plan
M1-S1	111	expectation	L	12.0	0.04385977233170271	0.8611764078565762	0.05614194565498547	47.16839203421398	0.781230002273851	plan
M1-S1	111	expectation	R	12.0	0.0033736351852896545	0.8274368167944166	0.01408764136455644	-0.2058247000336142	0.23947480617852	plan
M1-S1	112	expectation	L	12.0	0.023536064222547358	1.3877110395393943	0.05876363085667311	4.686937642950519	0.40052093241060577	plan
M1-S1	112	expectation	R	12.0	0.010975285027145364	1.3508084465094274	0.04205507834129035	0.1093634387554494	0.2609740716228711	plan
M1-S1	113	expectation	L	12.0	0.06673163486382849	1.4632499342707823	0.06673163486382849	11.044045735625577	1.0	plan
M1-S1	113	expectation	R	12.0	0.04163515607175325	1.6582735010221064	0.04163515607175328	2.034025282779356	0.9999999999999991	plan
M1-S1	114	expectation	L	12.0	0.1237178264435294	1.1468707992545508	0.15629938789183156	131.65958940700574	0.7915438960589498	plan
M1-S1	114	expectation	R	12.0	0.02360319590485897	1.1073327060108156	0.043472197251619486	9.788123846696436	0.5429492272553504	plan
M1-S1	115	expectation	L	12.0	0.028601578478426308	0.7330004776735993	0.03577253280099765	24.89683380964503	0.7995402125294478	plan
M1-S1	115	expectation	R	12.0	0.01755729126571417	0.631556878807874	0.02237774114728695	8.197253064224709	0.7845872892243548	plan
premotor-parietal	102	expectation	L	12.0	0.0009839644586962643	1.4596531739008816	0.010332984637206954	-0.9633370326254761	0.09522558033747681	plan
premotor-parietal	102	expectation	R	12.0	2.7373662593566317e-09	1.432126946692226	0.014394729445450966	-1.0000032779689123	1.9016448136312115e-07	plan
premotor-parietal	103	expectation	L	12.0	0.012933666831520588	1.2462300852526822	0.03977183654800666	2.092803315184308	0.3251966203750482	plan
premotor-parietal	103	expectation	R	12.0	0.014382412674007805	1.2315398338083663	0.027387467390226943	3.4479601591612585	0.5251457708404277	plan
premotor-parietal	104	expectation	L	12.0	0.019091346326928917	1.0844641551756689	0.05938629571418669	10.490512415194486	0.3214773054512679	plan
premotor-parietal	104	expectation	R	12.0	0.011787913599297423	1.0569643581367567	0.03141735318306814	1.937424091545213	0.3752039050078325	plan
premotor-parietal	105	expectation	L	12.0	0.008949446790103845	0.646705059459846	0.02006894044959921	4.013452459339716	0.4459351908776315	plan
premotor-parietal	105	expectation	R	12.0	0.006437460277494732	0.6303877465500335	0.013061329789798529	2.132015724789525	0.4928640790099849	plan
premotor-parietal	106	expectation	L	12.0	0.017588453303308348	1.0466840680409455	0.023359114462798473	6.8801733669792995	0.7529589073815092	plan
premotor-parietal	106	expectation	R	12.0	0.00930049460338157	0.9622477350587388	0.016985639321597117	1.3042706353215539	0.5475504587899767	plan
premotor-parietal	107	expectation	L	12.0	0.025870563713517647	1.3117639075669056	0.050536749925192595	11.489217772594609	0.5119158582974319	plan
premotor-parietal	107	expectation	R	12.0	0.022373035602391275	1.101863244248636	0.027010835094087027	10.410636776947552	0.828298552209109	plan
premotor-parietal	108	expectation	L	12.0	0.009540050891373124	1.10569111668469	0.01919876365418205	0.8968927363609118	0.4969096481009611	plan
premotor-parietal	108	expectation	R	12.0	0.007882893756370038	1.0568382898509652	0.01286244984977807	0.40885356644523424	0.6128609905916211	plan
premotor-parietal	109	expectation	L	12.0	0.016547602849958674	1.4919616454153974	0.052301744669068874	0.9875179390219341	0.31638720571677004	plan
premotor-parietal	109	expectation	R	12.0	0.016729904575319872	1.3910953617287347	0.04208790146534546	0.9186151449452418	0.39749913853735425	plan
premotor-parietal	110	expectation	L	12.0	0.012740143048886172	1.7633104129913595	0.021580480382140704	1.391006419553171	0.5903549329434526	plan
premotor-parietal	110	expectation	R	12.0	0.005179873273909538	1.554918828386798	0.012627298295430084	-0.50918656831892	0.41021231562924065	plan
premotor-parietal	111	expectation	L	12.0	0.004395604681243182	0.9069004166611199	0.01773313591933548	-0.05040435403561281	0.2478752038690684	plan
premotor-parietal	111	expectation	R	12.0	0.004032763732102836	0.8838265064571915	0.013471005891640433	-0.1818799495565991	0.29936619169659834	plan
premotor-parietal	112	expectation	L	12.0	0.022056840844552266	1.4651204421021602	0.0760240405619815	4.487802143812303	0.2901298152729672	plan
premotor-parietal	112	expectation	R	12.0	0.023388791912352845	1.4585060675314339	0.06299716445025387	4.720586071174041	0.37126737554706857	plan
premotor-parietal	113	expectation	L	12.0	0.060148217825023574	1.9107452645167293	0.06969718111631568	8.199549615916455	0.8629935509822685	plan
premotor-parietal	113	expectation	R	12.0	0.03499985983838821	1.8372476864335539	0.036863883521882246	1.827998835976759	0.9494349616641025	plan
premotor-parietal	114	expectation	L	12.0	0.02543523559371983	1.25448168678303	0.1024297743357119	11.524649151655193	0.248318770188405	plan
premotor-parietal	114	expectation	R	12.0	0.014189503394935788	1.2051700565544876	0.04943221579476691	3.3391609256644585	0.2870497137706286	plan
premotor-parietal	115	expectation	L	12.0	0.016311494496002867	0.8037488128198506	0.020562486391974746	8.742114825565377	0.7932646949917993	plan
premotor-parietal	115	expectation	R	12.0	0.015520267368238593	0.6962631375333649	0.018611195080905068	7.73900902984739	0.8339210513226127	plan
M1-S1	102	sensory input	L	12.0	0.0942311805283018	3.771679489983792	0.2452275179791059	2.6879400506377964	0.3842602221188348	exec
M1-S1	102	sensory input	R	12.0	0.066967133366405	3.6184248192255932	0.16511245045863582	1.0993593237623525	0.40558500089114535	exec
M1-S1	103	sensory input	L	12.0	0.6998588135135017	3.0417148200106627	0.8246421308272972	287.9970113663185	0.8486818552568852	exec
M1-S1	103	sensory input	R	12.0	0.14830138101654533	2.9356703050390607	0.2105222588817108	30.41441032651651	0.704445134706034	exec
M1-S1	104	sensory input	L	12.0	0.890256376422758	2.606282785560982	1.050020923024821	313.41653416062024	0.8478463208696589	exec
M1-S1	104	sensory input	R	12.0	0.028461104617973673	2.4224063277001244	0.09266166668310627	0.2885292342071003	0.3071507953262684	exec
M1-S1	105	sensory input	L	12.0	0.14472893906304918	1.7526159869883058	0.20916626966005586	61.349874190877934	0.6919324960868096	exec
M1-S1	105	sensory input	R	12.0	3.3659018318780786e-08	1.7538297563562142	0.04255701721525222	-0.9999981142734462	7.909158235534788e-07	exec
M1-S1	106	sensory input	L	12.0	0.42542243838148786	2.5421586791371302	0.5054868359825062	183.78064461874686	0.8416093320305789	exec
M1-S1	106	sensory input	R	12.0	3.0671750995123534e-08	2.3959116635849447	0.04795716498728043	-0.9999878430587896	6.395655582071738e-07	exec
M1-S1	107	sensory input	L	12.0	0.27905302128807546	2.7371086856361546	0.35142963580764175	100.02640607068348	0.7940509076497398	exec
M1-S1	107	sensory input	R	12.0	0.04251123962161506	2.336278156793239	0.1029715069436703	3.2283897191240922	0.41284468765588206	exec
M1-S1	108	sensory input	L	12.0	0.1969894013107014	2.8848571520306594	0.45747998451896954	50.787709716954275	0.4305967648351469	exec
M1-S1	108	sensory input	R	12.0	6.377320876732506e-05	2.8241362003006847	0.2291156559553208	-0.9999730293763962	0.00027834505023856287	exec
M1-S1	109	sensory input	L	12.0	0.5865665023358907	3.5066201868170093	0.6586646597391302	137.79627479191166	0.8905389011886644	exec
M1-S1	109	sensory input	R	12.0	0.10196925539150478	3.444844853840393	0.21425214370920165	3.9045769059518687	0.47593108580469917	exec
M1-S1	110	sensory input	L	12.0	2.0997470105707734	4.130176954224713	2.279077153890961	443.9405996999897	0.9213145798886073	exec
M1-S1	110	sensory input	R	12.0	1.8274807876097852e-08	3.4578715837791307	0.07992575711115169	-1.0000035210081974	2.2864729139422874e-07	exec
M1-S1	111	sensory input	L	12.0	0.3505890860888042	2.571247423481405	0.41358343197330705	249.75401493119705	0.8476864859311662	exec
M1-S1	111	sensory input	R	12.0	1.8963095096395668e-08	2.5031532335158246	0.07462468312434166	-0.9999882641952076	2.541129061117599e-07	exec
M1-S1	112	sensory input	L	12.0	0.43441806776400965	3.534949871516847	0.5547812620954683	150.9646714643299	0.7830438723239609	exec
M1-S1	112	sensory input	R	12.0	0.1746117062596123	3.4303208136459475	0.32736486879067705	26.08976659825573	0.5333855978640828	exec
M1-S1	113	sensory input	L	12.0	1.3743878138449666	3.685924743370536	1.510019578728047	283.885530666811	0.9101788037759558	exec
M1-S1	113	sensory input	R	12.0	0.23031637508953723	4.130278021248332	0.3912243098931893	10.823999701566308	0.5887067067801012	exec
M1-S1	114	sensory input	L	12.0	0.7000845773297089	3.110590990898876	0.8712145544319896	298.9325570709942	0.8035730966250291	exec
M1-S1	114	sensory input	R	12.0	0.022497844111993407	2.8459576871814645	0.10917978548828589	-0.3674692159544854	0.20606235862596786	exec
M1-S1	115	sensory input	L	12.0	0.13550573337327154	1.8183795962675142	0.19942856594282554	52.73746621997164	0.6794700284417623	exec
M1-S1	115	sensory input	R	12.0	0.020742117155988952	1.5660028152984873	0.09178679676309748	1.3709779812962948	0.2259814906660763	exec
premotor-parietal	102	sensory input	L	12.0	0.005785582191784164	3.92186908037067	0.0973939879889098	-0.8890759897865095	0.05940389454473273	exec
premotor-parietal	102	sensory input	R	12.0	0.029061184924021433	3.774810737278809	0.10436999418472429	-0.023133769464322197	0.2784438683841075	exec
premotor-parietal	103	sensory input	L	12.0	0.07824020082468078	3.0423108614688	0.14834763355509165	10.623077138738298	0.5274111824347022	exec
premotor-parietal	103	sensory input	R	12.0	0.076825786278065	3.0150071297696606	0.1541502626440503	9.036764287448836	0.4983824546278204	exec
premotor-parietal	104	sensory input	L	12.0	0.040990616053382486	2.722847443162312	0.1400445517697198	13.80385304094303	0.2926969706096443	exec
premotor-parietal	104	sensory input	R	12.0	3.346038187251754e-08	2.58871999539271	0.08602267252333781	-0.999990828592942	3.8897166166791424e-07	exec
premotor-parietal	105	sensory input	L	12.0	0.002068500822650057	1.8338675794695152	0.07840335406762372	-0.9853971739070964	0.026382810368877244	exec
premotor-parietal	105	sensory input	R	12.0	0.0033444765625432206	1.8012064813546522	0.07605101904821697	-0.8243088326526269	0.0439767488246646	exec
premotor-parietal	106	sensory input	L	12.0	0.028003214793464803	2.7306293369518198	0.0994375350229693	2.7018510929689086	0.2816161400923331	exec
premotor-parietal	106	sensory input	R	12.0	0.003220239127883655	2.4634200425442554	0.07319058592536591	-0.829723986619627	0.043997996288312344	exec
premotor-parietal	107	sensory input	L	12.0	0.01973319633677814	3.116325884981292	0.09352140707782694	0.15575803269265762	0.21100191874098412	exec
premotor-parietal	107	sensory input	R	12.0	0.018388582017773443	2.607141917507397	0.08366124583671816	-0.07550864542311572	0.21979808971124432	exec
premotor-parietal	108	sensory input	L	12.0	0.008790976635075604	3.1734862478134955	0.2739695309256995	-0.49952741934107525	0.03208742448611819	exec
premotor-parietal	108	sensory input	R	12.0	5.0829773740956754e-09	2.986816323044873	0.2178460541795296	-0.9999986446764867	2.3332887039150735e-08	exec
premotor-parietal	109	sensory input	L	12.0	0.09737076563507965	3.903527053401143	0.22814949480146604	5.916146413829193	0.42678492766250015	exec
premotor-parietal	109	sensory input	R	12.0	0.03199290274563221	3.6558324611529756	0.15283037806214897	-0.060190694895575624	0.2093360178211572	exec
premotor-parietal	110	sensory input	L	12.0	0.04746412774561891	4.22177788717421	0.16774655779083747	4.471417715189101	0.2829514260721925	exec
premotor-parietal	110	sensory input	R	12.0	0.0036587021494471064	3.7367372547507025	0.09667303263632501	-0.9902445520500072	0.03784615057242287	exec
premotor-parietal	111	sensory input	L	12.0	0.008952859476506795	2.7396706588605086	0.10100658106949822	-0.1372848338397093	0.08863639756647859	exec
premotor-parietal	111	sensory input	R	12.0	0.00021631583305613462	2.6543044986940325	0.08314277685635434	-0.9995786036704863	0.002601739336056374	exec
premotor-parietal	112	sensory input	L	12.0	0.03542685837598009	3.7192813783615746	0.17023926374575904	3.3449340133989693	0.20810039703230707	exec
premotor-parietal	112	sensory input	R	12.0	0.005820459372245011	3.7000354271210307	0.1401410421030557	-0.9027537467332761	0.041532867780195416	exec
premotor-parietal	113	sensory input	L	12.0	0.21065578201155075	4.772976378283329	0.43844912117836277	15.516277303470627	0.4804566181941443	exec
premotor-parietal	113	sensory input	R	12.0	0.08550685765420649	4.548635689202458	0.24901323776690304	2.221521839468742	0.3433827792490613	exec
premotor-parietal	114	sensory input	L	12.0	0.039157414882846686	3.3938942207270473	0.14310122185199284	3.715841862733034	0.2736343853398159	exec
premotor-parietal	114	sensory input	R	12.0	0.009454787519064364	3.138543220524119	0.09586187951602904	-0.6638703699039139	0.0986292733545187	exec
premotor-parietal	115	sensory input	L	12.0	0.023872692491800837	1.9849829134122998	0.09470700986053875	3.0345947076933157	0.2520689073275007	exec
premotor-parietal	115	sensory input	R	12.0	0.03925374679178425	1.7326557645334746	0.11522404419962924	10.188434148324943	0.3406732254925535	exec
