epoch	Hem	roi	weight	noise	weight_sum	BF	component	participant_id	cluster
plan	L	SMA	0.000635189	1.51707376	0.006418013	-0.998689272	expectation	102	premotor-parietal
plan	L	SMA	0.009347138	1.148567308	0.025972451	0.257349222	expectation	103	premotor-parietal
plan	L	SMA	0.002237369	1.099549973	0.027649731	-0.913265743	expectation	104	premotor-parietal
plan	L	SMA	0.003413526	0.674879187	0.004806748	-0.52109975	expectation	105	premotor-parietal
plan	L	SMA	8.84E-05	1.001947361	8.84E-05	-0.999844046	expectation	106	premotor-parietal
plan	L	SMA	0.02128465	1.385809667	0.02128465	3.755387753	expectation	107	premotor-parietal
plan	L	SMA	0.010137791	1.125304604	0.015896493	0.478484426	expectation	108	premotor-parietal
plan	L	SMA	0.018281436	1.41736849	0.028854133	0.533627456	expectation	109	premotor-parietal
plan	L	SMA	0.003006114	1.544999731	0.014023459	-0.92703448	expectation	110	premotor-parietal
plan	L	SMA	3.67E-26	0.942396467	0.009758214	-1	expectation	111	premotor-parietal
plan	L	SMA	0.036069452	1.321270195	0.069170672	10.79277887	expectation	112	premotor-parietal
plan	L	SMA	0.017042173	2.01129826	0.017042173	-0.482933907	expectation	113	premotor-parietal
plan	L	SMA	0.01038058	1.282157782	0.052905972	0.340819032	expectation	114	premotor-parietal
plan	L	SMA	0.010212195	0.768633079	0.013205578	2.540469203	expectation	115	premotor-parietal
plan	L	SMA	0.005782823	1.51707376	0.006418013	-0.836566601	uncertainty	102	premotor-parietal
plan	L	SMA	0.016625313	1.148567308	0.025972451	2.790997369	uncertainty	103	premotor-parietal
plan	L	SMA	0.025412362	1.099549973	0.027649731	8.784370908	uncertainty	104	premotor-parietal
plan	L	SMA	0.001393222	0.674879187	0.004806748	-0.923738245	uncertainty	105	premotor-parietal
plan	L	SMA	1.74E-141	1.001947361	8.84E-05	-0.999999457	uncertainty	106	premotor-parietal
plan	L	SMA	9.94E-17	1.385809667	0.02128465	-1	uncertainty	107	premotor-parietal
plan	L	SMA	0.005758702	1.125304604	0.015896493	-0.520565655	uncertainty	108	premotor-parietal
plan	L	SMA	0.010572697	1.41736849	0.028854133	-0.484719628	uncertainty	109	premotor-parietal
plan	L	SMA	0.011017344	1.544999731	0.014023459	0.029213668	uncertainty	110	premotor-parietal
plan	L	SMA	0.009758214	0.942396467	0.009758214	1.17810801	uncertainty	111	premotor-parietal
plan	L	SMA	0.033101221	1.321270195	0.069170672	9.058679101	uncertainty	112	premotor-parietal
plan	L	SMA	0	2.01129826	0.017042173	-1.000112527	uncertainty	113	premotor-parietal
plan	L	SMA	0.042525392	1.282157782	0.052905972	18.29340752	uncertainty	114	premotor-parietal
plan	L	SMA	0.002993382	0.768633079	0.013205578	-0.677617363	uncertainty	115	premotor-parietal
plan	L	PMd	1.34E-07	1.490782924	0.009346299	-1.000015394	expectation	102	premotor-parietal
plan	L	PMd	0.020378816	1.332487759	0.039369343	5.884316442	expectation	103	premotor-parietal
plan	L	PMd	0.027276699	1.145530454	0.082699671	16.71969097	expectation	104	premotor-parietal
plan	L	PMd	0.011058207	0.638447033	0.029947442	7.222141144	expectation	105	premotor-parietal
plan	L	PMd	0.012769356	1.155715002	0.024644106	2.946657935	expectation	106	premotor-parietal
plan	L	PMd	0.041954631	1.302663051	0.070349826	31.74005639	expectation	107	premotor-parietal
plan	L	PMd	0.016550929	1.28510062	0.033858819	3.672979363	expectation	108	premotor-parietal
plan	L	PMd	0.032095678	1.772945541	0.067746607	4.289630521	expectation	109	premotor-parietal
plan	L	PMd	0.030364088	1.975312983	0.041039266	6.992538532	expectation	110	premotor-parietal
plan	L	PMd	0.003363867	0.949486399	0.027075829	-0.539965494	expectation	111	premotor-parietal
plan	L	PMd	0.027736885	1.687964377	0.100863604	7.754040177	expectation	112	premotor-parietal
plan	L	PMd	0.106674265	2.426819568	0.146884771	19.99801809	expectation	113	premotor-parietal
plan	L	PMd	0.0391797	1.303746834	0.149088436	26.54377499	expectation	114	premotor-parietal
plan	L	PMd	0.012626485	0.855384366	0.017969178	6.094165993	expectation	115	premotor-parietal
plan	L	PMd	0.009346165	1.490782924	0.009346299	-0.293247413	uncertainty	102	premotor-parietal
plan	L	PMd	0.018990527	1.332487759	0.039369343	5.01770534	uncertainty	103	premotor-parietal
plan	L	PMd	0.055422972	1.145530454	0.082699671	63.19337555	uncertainty	104	premotor-parietal
plan	L	PMd	0.018889235	0.638447033	0.029947442	21.35448411	uncertainty	105	premotor-parietal
plan	L	PMd	0.01187475	1.155715002	0.024644106	2.434046588	uncertainty	106	premotor-parietal
plan	L	PMd	0.028395195	1.302663051	0.070349826	14.90105414	uncertainty	107	premotor-parietal
plan	L	PMd	0.01730789	1.28510062	0.033858819	4.090972393	uncertainty	108	premotor-parietal
plan	L	PMd	0.035650929	1.772945541	0.067746607	5.464695241	uncertainty	109	premotor-parietal
plan	L	PMd	0.010675178	1.975312983	0.041039266	0.062052355	uncertainty	110	premotor-parietal
plan	L	PMd	0.023711962	0.949486399	0.027075829	18.93877823	uncertainty	111	premotor-parietal
plan	L	PMd	0.073126719	1.687964377	0.100863604	51.43622934	uncertainty	112	premotor-parietal
plan	L	PMd	0.040210506	2.426819568	0.146884771	2.312504128	uncertainty	113	premotor-parietal
plan	L	PMd	0.109908736	1.303746834	0.149088436	166.5315316	uncertainty	114	premotor-parietal
plan	L	PMd	0.005342693	0.855384366	0.017969178	0.353231445	uncertainty	115	premotor-parietal
plan	L	PMv	2.73E-08	1.582846741	0.018674691	-1.00000175	expectation	102	premotor-parietal
plan	L	PMv	0.001799778	1.153054848	0.032538085	-0.970318625	expectation	103	premotor-parietal
plan	L	PMv	0.008025448	1.104879121	0.037457624	-0.375618418	expectation	104	premotor-parietal
plan	L	PMv	0.017332214	0.696618679	0.037672128	5.727906819	expectation	105	premotor-parietal
plan	L	PMv	0.022396999	0.977583909	0.022396999	5.982049044	expectation	106	premotor-parietal
plan	L	PMv	0.00593561	1.22870673	0.019270339	-0.698780759	expectation	107	premotor-parietal
plan	L	PMv	0.002254711	1.021852171	0.009273647	-0.95368695	expectation	108	premotor-parietal
plan	L	PMv	0.001101808	1.262842611	0.014922456	-0.996831377	expectation	109	premotor-parietal
plan	L	PMv	1.23E-14	1.488050379	0.003833609	-1	expectation	110	premotor-parietal
plan	L	PMv	0.005736765	0.932167866	0.010928661	-0.537312619	expectation	111	premotor-parietal
plan	L	PMv	0.0183514	1.376952547	0.073985074	1.1824492	expectation	112	premotor-parietal
plan	L	PMv	0.050061117	1.317714134	0.057595428	4.534346359	expectation	113	premotor-parietal
plan	L	PMv	0.013995774	1.190977026	0.05965879	0.729058624	expectation	114	premotor-parietal
plan	L	PMv	0.017521872	0.698976181	0.021428347	6.195469797	expectation	115	premotor-parietal
plan	L	PMv	0.018674664	1.582846741	0.018674691	0.080265855	uncertainty	102	premotor-parietal
plan	L	PMv	0.030738307	1.153054848	0.032538085	6.4261346	uncertainty	103	premotor-parietal
plan	L	PMv	0.029432175	1.104879121	0.037457624	6.404283905	uncertainty	104	premotor-parietal
plan	L	PMv	0.020339914	0.696618679	0.037672128	8.041822441	uncertainty	105	premotor-parietal
plan	L	PMv	7.88E-44	0.977583909	0.022396999	-1	uncertainty	106	premotor-parietal
plan	L	PMv	0.013334729	1.22870673	0.019270339	0.50430857	uncertainty	107	premotor-parietal
plan	L	PMv	0.007018936	1.021852171	0.009273647	-0.517517606	uncertainty	108	premotor-parietal
plan	L	PMv	0.013820648	1.262842611	0.014922456	-0.21626728	uncertainty	109	premotor-parietal
plan	L	PMv	0.003833609	1.488050379	0.003833609	-0.918440201	uncertainty	110	premotor-parietal
plan	L	PMv	0.005191896	0.932167866	0.010928661	-0.6217349	uncertainty	111	premotor-parietal
plan	L	PMv	0.055633675	1.376952547	0.073985074	16.12305861	uncertainty	112	premotor-parietal
plan	L	PMv	0.007534311	1.317714134	0.057595428	-0.857827492	uncertainty	113	premotor-parietal
plan	L	PMv	0.045663016	1.190977026	0.05965879	14.70782546	uncertainty	114	premotor-parietal
plan	L	PMv	0.003906475	0.698976181	0.021428347	-0.594126719	uncertainty	115	premotor-parietal
plan	L	M1	1.86E-08	1.421410263	0.01739634	-1.000001899	expectation	102	M1-S1
plan	L	M1	0.033573015	1.060486431	0.05011124	8.386143773	expectation	103	M1-S1
plan	L	M1	0.062442454	0.985777512	0.076446109	37.5497426	expectation	104	M1-S1
plan	L	M1	0.00673683	0.604342336	0.011938819	0.439198137	expectation	105	M1-S1
plan	L	M1	0.012215025	0.902631174	0.012215025	1.093534115	expectation	106	M1-S1
plan	L	M1	0.070359401	1.121179076	0.070359401	37.51088357	expectation	107	M1-S1
plan	L	M1	5.43E-25	0.970715769	0.011219272	-1	expectation	108	M1-S1
plan	L	M1	0.056329537	1.152233404	0.073789497	11.54738287	expectation	109	M1-S1
plan	L	M1	0.118810296	1.454174669	0.118810296	57.82312672	expectation	110	M1-S1
plan	L	M1	0.035998621	0.888389348	0.045703091	18.13752791	expectation	111	M1-S1
plan	L	M1	0.02087677	1.282833246	0.049236963	2.071148488	expectation	112	M1-S1
plan	L	M1	0.048984872	1.304261793	0.048984872	4.088709857	expectation	113	M1-S1
plan	L	M1	0.13467054	1.060574752	0.180421074	118.2884879	expectation	114	M1-S1
plan	L	M1	0.020030348	0.672880217	0.034372257	7.874877708	expectation	115	M1-S1
plan	L	M1	0.017396322	1.421410263	0.01739634	0.07063118	uncertainty	102	M1-S1
plan	L	M1	0.016538224	1.060486431	0.05011124	1.512935478	uncertainty	103	M1-S1
plan	L	M1	0.014003655	0.985777512	0.076446109	1.519973421	uncertainty	104	M1-S1
plan	L	M1	0.005201989	0.604342336	0.011938819	-0.132094696	uncertainty	105	M1-S1
plan	L	M1	1.86E-58	0.902631174	0.012215025	-1	uncertainty	106	M1-S1
plan	L	M1	1.44E-15	1.121179076	0.070359401	-1	uncertainty	107	M1-S1
plan	L	M1	0.011219272	0.970715769	0.011219272	0.188681546	uncertainty	108	M1-S1
plan	L	M1	0.01745996	1.152233404	0.073789497	0.401146459	uncertainty	109	M1-S1
plan	L	M1	2.16E-10	1.454174669	0.118810296	-1	uncertainty	110	M1-S1
plan	L	M1	0.009704469	0.888389348	0.045703091	0.656033156	uncertainty	111	M1-S1
plan	L	M1	0.028360193	1.282833246	0.049236963	4.451832937	uncertainty	112	M1-S1
plan	L	M1	0	1.304261793	0.048984872	-1	uncertainty	113	M1-S1
plan	L	M1	0.045750534	1.060574752	0.180421074	18.52800872	uncertainty	114	M1-S1
plan	L	M1	0.014341909	0.672880217	0.034372257	3.77878622	uncertainty	115	M1-S1
plan	L	S1	1.61E-11	1.469049845	0.020327743	-1	expectation	102	M1-S1
plan	L	S1	0.077507853	1.408945395	0.096314974	61.07607259	expectation	103	M1-S1
plan	L	S1	0.150738804	1.066642965	0.165572421	253.9319258	expectation	104	M1-S1
plan	L	S1	0.022625463	0.628938358	0.027552863	24.58573195	expectation	105	M1-S1
plan	L	S1	0.051823426	1.060387636	0.051823426	43.66780576	expectation	106	M1-S1
plan	L	S1	0.152407816	1.220932727	0.152407816	212.9190122	expectation	107	M1-S1
plan	L	S1	0.019712341	1.086015914	0.024832206	6.123051535	expectation	108	M1-S1
plan	L	S1	0.077251959	1.518036645	0.112051383	25.35419681	expectation	109	M1-S1
plan	L	S1	0.138676776	1.883309243	0.160061124	93.09774061	expectation	110	M1-S1
plan	L	S1	0.051720923	0.833963468	0.066580801	76.19925616	expectation	111	M1-S1
plan	L	S1	0.026195359	1.492588833	0.068290299	7.302726798	expectation	112	M1-S1
plan	L	S1	0.084478398	1.622238076	0.084478398	17.99938161	expectation	113	M1-S1
plan	L	S1	0.112765112	1.233166847	0.132177702	145.030691	expectation	114	M1-S1
plan	L	S1	0.037172809	0.793120739	0.037172809	41.91878991	expectation	115	M1-S1
plan	L	S1	0.020327743	1.469049845	0.020327743	1.891638583	uncertainty	102	M1-S1
plan	L	S1	0.018807121	1.408945395	0.096314974	3.580963967	uncertainty	103	M1-S1
plan	L	S1	0.014833617	1.066642965	0.165572421	3.330973875	uncertainty	104	M1-S1
plan	L	S1	0.0049274	0.628938358	0.027552863	0.437919774	uncertainty	105	M1-S1
plan	L	S1	8.23E-54	1.060387636	0.051823426	-1	uncertainty	106	M1-S1
plan	L	S1	0	1.220932727	0.152407816	-1	uncertainty	107	M1-S1
plan	L	S1	0.005119865	1.086015914	0.024832206	-0.476373258	uncertainty	108	M1-S1
plan	L	S1	0.034799424	1.518036645	0.112051383	4.986919953	uncertainty	109	M1-S1
plan	L	S1	0.021384349	1.883309243	0.160061124	2.093651737	uncertainty	110	M1-S1
plan	L	S1	0.014859877	0.833963468	0.066580801	7.026961093	uncertainty	111	M1-S1
plan	L	S1	0.04209494	1.492588833	0.068290299	19.15985169	uncertainty	112	M1-S1
plan	L	S1	8.85E-37	1.622238076	0.084478398	-1	uncertainty	113	M1-S1
plan	L	S1	0.019412589	1.233166847	0.132177702	5.262247324	uncertainty	114	M1-S1
plan	L	S1	6.38E-18	0.793120739	0.037172809	-1	uncertainty	115	M1-S1
plan	L	SPLa	6.67E-23	1.369554476	0.012941449	-1	expectation	102	
plan	L	SPLa	0.015616834	1.28234453	0.047718356	2.076668837	expectation	103	
plan	L	SPLa	0.025352662	1.034910262	0.067835046	12.88912329	expectation	104	
plan	L	SPLa	0.001170132	0.61296014	0.009409552	-0.919042504	expectation	105	
plan	L	SPLa	0.022658172	1.048374436	0.02527254	7.829415339	expectation	106	
plan	L	SPLa	0.030715879	1.27939567	0.064460502	12.81223335	expectation	107	
plan	L	SPLa	0.009917531	1.040189999	0.019303569	0.75289692	expectation	108	
plan	L	SPLa	0.023563055	1.329152735	0.072604196	1.787613826	expectation	109	
plan	L	SPLa	0.021329272	1.785315241	0.029082265	2.309885657	expectation	110	
plan	L	SPLa	0.004347643	0.895717055	0.012313256	-0.395253278	expectation	111	
plan	L	SPLa	0.009646489	1.36831002	0.059882312	0.08939195	expectation	112	
plan	L	SPLa	0.068157712	1.586797316	0.068157712	11.46781125	expectation	113	
plan	L	SPLa	0.040531694	1.241968249	0.155980635	23.13233341	expectation	114	
plan	L	SPLa	0.01669601	0.837260194	0.021129693	9.115956618	expectation	115	
plan	L	SPLa	0.012941449	1.369554476	0.012941449	-0.030159987	uncertainty	102	
plan	L	SPLa	0.032101523	1.28234453	0.047718356	10.99925619	uncertainty	103	
plan	L	SPLa	0.042482384	1.034910262	0.067835046	34.65012634	uncertainty	104	
plan	L	SPLa	0.00823942	0.61296014	0.009409552	2.780138082	uncertainty	105	
plan	L	SPLa	0.002614368	1.048374436	0.02527254	-0.867014469	uncertainty	106	
plan	L	SPLa	0.033744623	1.27939567	0.064460502	15.44750868	uncertainty	107	
plan	L	SPLa	0.009386038	1.040189999	0.019303569	0.575103885	uncertainty	108	
plan	L	SPLa	0.049041142	1.329152735	0.072604196	10.06481566	uncertainty	109	
plan	L	SPLa	0.007752993	1.785315241	0.029082265	-0.540888229	uncertainty	110	
plan	L	SPLa	0.007965613	0.895717055	0.012313256	0.994156924	uncertainty	111	
plan	L	SPLa	0.050235823	1.36831002	0.059882312	23.70453458	uncertainty	112	
plan	L	SPLa	3.38E-57	1.586797316	0.068157712	-1	uncertainty	113	
plan	L	SPLa	0.115448941	1.241968249	0.155980635	147.1939353	uncertainty	114	
plan	L	SPLa	0.004433682	0.837260194	0.021129693	-0.212172569	uncertainty	115	
plan	L	SPLp	0.004284472	1.338007969	0.004284472	-0.817978747	expectation	102	
plan	L	SPLp	0.017525769	1.314695982	0.053260948	3.2160007	expectation	103	
plan	L	SPLp	0.032564553	1.037450965	0.081289407	24.13263198	expectation	104	
plan	L	SPLp	0.011773155	0.610620258	0.018508832	8.557356588	expectation	105	
plan	L	SPLp	0.030029327	1.049799632	0.044393515	18.64258856	expectation	106	
plan	L	SPLp	0.029462048	1.36224442	0.077318432	9.837192127	expectation	107	
plan	L	SPLp	0.008839293	1.05600819	0.01766129	0.533789923	expectation	108	
plan	L	SPLp	0.007696037	1.677498849	0.077381331	-0.676450732	expectation	109	
plan	L	SPLp	0.009001241	2.022873731	0.019923803	-0.420357612	expectation	110	
plan	L	SPLp	0.008529748	0.814734296	0.028589719	2.220509621	expectation	111	
plan	L	SPLp	0.018479979	1.571105071	0.076218539	2.620350523	expectation	112	
plan	L	SPLp	0.058805822	2.211097044	0.058805822	5.480506284	expectation	113	
plan	L	SPLp	0.023088431	1.253558543	0.09451504	6.877259702	expectation	114	
plan	L	SPLp	0.02450091	0.858490243	0.029079637	19.76451252	expectation	115	
plan	L	SPLp	2.68E-17	1.338007969	0.004284472	-1.000000003	uncertainty	102	
plan	L	SPLp	0.035735179	1.314695982	0.053260948	15.13430041	uncertainty	103	
plan	L	SPLp	0.048724854	1.037450965	0.081289407	50.87594792	uncertainty	104	
plan	L	SPLp	0.006735677	0.610620258	0.018508832	2.300609858	uncertainty	105	
plan	L	SPLp	0.014364187	1.049799632	0.044393515	3.907797914	uncertainty	106	
plan	L	SPLp	0.047856384	1.36224442	0.077318432	25.52042901	uncertainty	107	
plan	L	SPLp	0.008821998	1.05600819	0.01766129	0.52793841	uncertainty	108	
plan	L	SPLp	0.069685293	1.677498849	0.077381331	21.50641125	uncertainty	109	
plan	L	SPLp	0.010922562	2.022873731	0.019923803	-0.145108226	uncertainty	110	
plan	L	SPLp	0.020059971	0.814734296	0.028589719	15.31647321	uncertainty	111	
plan	L	SPLp	0.05773856	1.571105071	0.076218539	29.5682326	uncertainty	112	
plan	L	SPLp	3.07E-11	2.211097044	0.058805822	-1	uncertainty	113	
plan	L	SPLp	0.071426609	1.253558543	0.09451504	60.49042415	uncertainty	114	
plan	L	SPLp	0.004578727	0.858490243	0.029079637	-0.160892795	uncertainty	115	
plan	R	SMA	7.07E-09	1.568119432	0.010261488	-1.0000005	expectation	102	premotor-parietal
plan	R	SMA	0.003139426	1.137537274	0.003729032	-0.869401425	expectation	103	premotor-parietal
plan	R	SMA	0.008889002	1.061937019	0.015654419	0.13386812	expectation	104	premotor-parietal
plan	R	SMA	0.000970723	0.676111936	0.003394891	-0.969130666	expectation	105	premotor-parietal
plan	R	SMA	0.002768448	0.950891428	0.013920157	-0.855617689	expectation	106	premotor-parietal
plan	R	SMA	0.012863699	1.206685383	0.012863699	1.211172777	expectation	107	premotor-parietal
plan	R	SMA	3.48E-12	1.009777849	3.48E-12	-1	expectation	108	premotor-parietal
plan	R	SMA	0.000350256	1.179730901	0.004995679	-0.999618381	expectation	109	premotor-parietal
plan	R	SMA	0.00943823	1.486530769	0.019024609	-0.331969007	expectation	110	premotor-parietal
plan	R	SMA	0.004646877	0.943021884	0.013258331	-0.540225348	expectation	111	premotor-parietal
plan	R	SMA	0.017768287	1.351475388	0.030474461	1.844432223	expectation	112	premotor-parietal
plan	R	SMA	0.026540476	1.345523797	0.026540476	1.283355643	expectation	113	premotor-parietal
plan	R	SMA	0.006766201	1.136139425	0.037736035	-0.392252016	expectation	114	premotor-parietal
plan	R	SMA	0.01212368	0.654549855	0.01212368	5.302474153	expectation	115	premotor-parietal
plan	R	SMA	0.010261481	1.568119432	0.010261488	-0.525847211	uncertainty	102	premotor-parietal
plan	R	SMA	0.000589605	1.137537274	0.003729032	-0.996140704	uncertainty	103	premotor-parietal
plan	R	SMA	0.006765417	1.061937019	0.015654419	-0.340345636	uncertainty	104	premotor-parietal
plan	R	SMA	0.002424168	0.676111936	0.003394891	-0.795533133	uncertainty	105	premotor-parietal
plan	R	SMA	0.011151709	0.950891428	0.013920157	1.290848823	uncertainty	106	premotor-parietal
plan	R	SMA	1.61E-27	1.206685383	0.012863699	-1	uncertainty	107	premotor-parietal
plan	R	SMA	2.15E-157	1.009777849	3.48E-12	-1	uncertainty	108	premotor-parietal
plan	R	SMA	0.004645423	1.179730901	0.004995679	-0.859063488	uncertainty	109	premotor-parietal
plan	R	SMA	0.009586378	1.486530769	0.019024609	-0.310821536	uncertainty	110	premotor-parietal
plan	R	SMA	0.008611454	0.943021884	0.013258331	0.56259957	uncertainty	111	premotor-parietal
plan	R	SMA	0.012706174	1.351475388	0.030474461	0.496371597	uncertainty	112	premotor-parietal
plan	R	SMA	1.55E-13	1.345523797	0.026540476	-1	uncertainty	113	premotor-parietal
plan	R	SMA	0.030969833	1.136139425	0.037736035	10.11013347	uncertainty	114	premotor-parietal
plan	R	SMA	8.67E-35	0.654549855	0.01212368	-1	uncertainty	115	premotor-parietal
plan	R	PMd	3.28E-12	1.427970529	0.021578378	-1	expectation	102	premotor-parietal
plan	R	PMd	0.014062934	1.33501989	0.03940996	2.556633907	expectation	103	premotor-parietal
plan	R	PMd	0.011469416	1.091815778	0.029916592	2.67062695	expectation	104	premotor-parietal
plan	R	PMd	0.008821448	0.61820153	0.022987875	4.02907994	expectation	105	premotor-parietal
plan	R	PMd	0.006078829	1.015878707	0.018402594	0.202069176	expectation	106	premotor-parietal
plan	R	PMd	0.021825983	1.067788896	0.027198233	11.99421991	expectation	107	premotor-parietal
plan	R	PMd	0.010692842	1.136738816	0.018978765	1.160668025	expectation	108	premotor-parietal
plan	R	PMd	0.016346358	1.669116136	0.069141641	0.48661634	expectation	109	premotor-parietal
plan	R	PMd	0.002152554	1.612646099	0.007096677	-0.949310153	expectation	110	premotor-parietal
plan	R	PMd	0.007681627	0.960415641	0.014049516	1.370722837	expectation	111	premotor-parietal
plan	R	PMd	0.022895269	1.620016102	0.063302246	5.415784455	expectation	112	premotor-parietal
plan	R	PMd	0.024635188	2.447164577	0.033955306	0.177190594	expectation	113	premotor-parietal
plan	R	PMd	0.013378283	1.271666672	0.052054381	2.532681467	expectation	114	premotor-parietal
plan	R	PMd	0.01105998	0.766205407	0.01105998	6.060085294	expectation	115	premotor-parietal
plan	R	PMd	0.021578378	1.427970529	0.021578378	2.825423876	uncertainty	102	premotor-parietal
plan	R	PMd	0.025347027	1.33501989	0.03940996	9.944022153	uncertainty	103	premotor-parietal
plan	R	PMd	0.018447176	1.091815778	0.029916592	8.105900551	uncertainty	104	premotor-parietal
plan	R	PMd	0.014166427	0.61820153	0.022987875	11.31004638	uncertainty	105	premotor-parietal
plan	R	PMd	0.012323766	1.015878707	0.018402594	3.704431987	uncertainty	106	premotor-parietal
plan	R	PMd	0.00537225	1.067788896	0.027198233	-0.12723154	uncertainty	107	premotor-parietal
plan	R	PMd	0.008285924	1.136738816	0.018978765	0.315556501	uncertainty	108	premotor-parietal
plan	R	PMd	0.052795283	1.669116136	0.069141641	12.95971812	uncertainty	109	premotor-parietal
plan	R	PMd	0.004944123	1.612646099	0.007096677	-0.718234888	uncertainty	110	premotor-parietal
plan	R	PMd	0.006367889	0.960415641	0.014049516	0.64758995	uncertainty	111	premotor-parietal
plan	R	PMd	0.040406976	1.620016102	0.063302246	17.74298844	uncertainty	112	premotor-parietal
plan	R	PMd	0.009320118	2.447164577	0.033955306	-0.840720556	uncertainty	113	premotor-parietal
plan	R	PMd	0.038676098	1.271666672	0.052054381	25.21535926	uncertainty	114	premotor-parietal
plan	R	PMd	1.48E-15	0.766205407	0.01105998	-1	uncertainty	115	premotor-parietal
plan	R	PMv	6.61E-09	1.450834268	0.009128107	-1.000000502	expectation	102	premotor-parietal
plan	R	PMv	3.46E-142	1.159492615	1.27E-12	-1	expectation	103	premotor-parietal
plan	R	PMv	0.016289544	1.097384315	0.040261959	1.424980651	expectation	104	premotor-parietal
plan	R	PMv	0.003803773	0.65773372	0.010581335	-0.591090022	expectation	105	premotor-parietal
plan	R	PMv	0.010250181	0.870924429	0.011433787	0.677184151	expectation	106	premotor-parietal
plan	R	PMv	0.016247972	1.132554817	0.016247972	1.45085118	expectation	107	premotor-parietal
plan	R	PMv	0.011316599	0.973899968	0.011316599	0.342523315	expectation	108	premotor-parietal
plan	R	PMv	0.0313593	1.262548291	0.033568505	2.481255973	expectation	109	premotor-parietal
plan	R	PMv	1.19E-12	1.42225642	0.003945081	-0.999999997	expectation	110	premotor-parietal
plan	R	PMv	4.65E-49	0.912275311	0.006771849	-1	expectation	111	premotor-parietal
plan	R	PMv	0.018086012	1.240419504	0.065731893	1.375289095	expectation	112	premotor-parietal
plan	R	PMv	0.052615833	1.531880408	0.052615833	4.142618861	expectation	113	premotor-parietal
plan	R	PMv	0.00298035	1.149005123	0.0219677	-0.91512045	expectation	114	premotor-parietal
plan	R	PMv	0.023135746	0.708091372	0.031889699	9.236634688	expectation	115	premotor-parietal
plan	R	PMv	0.009128101	1.450834268	0.009128107	-0.70107811	uncertainty	102	premotor-parietal
plan	R	PMv	1.27E-12	1.159492615	1.27E-12	-1	uncertainty	103	premotor-parietal
plan	R	PMv	0.023972415	1.097384315	0.040261959	4.004325075	uncertainty	104	premotor-parietal
plan	R	PMv	0.006777561	0.65773372	0.010581335	0.287390581	uncertainty	105	premotor-parietal
plan	R	PMv	0.001183605	0.870924429	0.011433787	-0.979180983	uncertainty	106	premotor-parietal
plan	R	PMv	4.09E-13	1.132554817	0.016247972	-1	uncertainty	107	premotor-parietal
plan	R	PMv	3.12E-14	0.973899968	0.011316599	-1	uncertainty	108	premotor-parietal
plan	R	PMv	0.002209205	1.262548291	0.033568505	-0.981916857	uncertainty	109	premotor-parietal
plan	R	PMv	0.003945081	1.42225642	0.003945081	-0.901898666	uncertainty	110	premotor-parietal
plan	R	PMv	0.006771849	0.912275311	0.006771849	-0.319810209	uncertainty	111	premotor-parietal
plan	R	PMv	0.047645882	1.240419504	0.065731893	13.33061579	uncertainty	112	premotor-parietal
plan	R	PMv	1.80E-18	1.531880408	0.052615833	-1	uncertainty	113	premotor-parietal
plan	R	PMv	0.01898735	1.149005123	0.0219677	2.229569864	uncertainty	114	premotor-parietal
plan	R	PMv	0.008753952	0.708091372	0.031889699	0.66243545	uncertainty	115	premotor-parietal
plan	R	M1	0.001895523	1.391512628	0.03600648	-0.989158851	expectation	102	M1-S1
plan	R	M1	0.06009029	1.079673698	0.066152841	29.27769534	expectation	103	M1-S1
plan	R	M1	0.008911239	0.920030004	0.00891127	0.060086868	expectation	104	M1-S1
plan	R	M1	2.43E-23	0.597668226	6.95E-17	-1	expectation	105	M1-S1
plan	R	M1	1.73E-22	0.869675127	1.73E-22	-1	expectation	106	M1-S1
plan	R	M1	0.053944293	0.918201078	0.053944293	31.20376899	expectation	107	M1-S1
plan	R	M1	0.001243491	0.883282184	0.001243491	-0.984416055	expectation	108	M1-S1
plan	R	M1	0.022499935	1.098333587	0.023428401	1.241490072	expectation	109	M1-S1
plan	R	M1	1.10E-09	1.301032649	0.027733888	-1.000005958	expectation	110	M1-S1
plan	R	M1	2.04E-258	0.821860659	0.015133866	-1	expectation	111	M1-S1
plan	R	M1	0.011669127	1.256485185	0.038426101	-0.012565059	expectation	112	M1-S1
plan	R	M1	0.047370717	1.473264901	0.047370717	2.55834293	expectation	113	M1-S1
plan	R	M1	0.009636945	1.036856317	0.024678024	-0.080077926	expectation	114	M1-S1
plan	R	M1	0.023727106	0.588524679	0.030858542	11.18319614	expectation	115	M1-S1
plan	R	M1	0.034110957	1.391512628	0.03600648	2.358545923	uncertainty	102	M1-S1
plan	R	M1	0.006062551	1.079673698	0.066152841	-0.591662184	uncertainty	103	M1-S1
plan	R	M1	3.01E-08	0.920030004	0.00891127	-1.000000154	uncertainty	104	M1-S1
plan	R	M1	6.95E-17	0.597668226	6.95E-17	-1	uncertainty	105	M1-S1
plan	R	M1	7.99E-45	0.869675127	1.73E-22	-1	uncertainty	106	M1-S1
plan	R	M1	1.23E-176	0.918201078	0.053944293	-1	uncertainty	107	M1-S1
plan	R	M1	3.39E-23	0.883282184	0.001243491	-1	uncertainty	108	M1-S1
plan	R	M1	0.000928466	1.098333587	0.023428401	-0.996750299	uncertainty	109	M1-S1
plan	R	M1	0.027733887	1.301032649	0.027733888	3.920619637	uncertainty	110	M1-S1
plan	R	M1	0.015133866	0.821860659	0.015133866	3.130954614	uncertainty	111	M1-S1
plan	R	M1	0.026756974	1.256485185	0.038426101	3.777173483	uncertainty	112	M1-S1
plan	R	M1	4.48E-17	1.473264901	0.047370717	-1	uncertainty	113	M1-S1
plan	R	M1	0.015041079	1.036856317	0.024678024	1.171705278	uncertainty	114	M1-S1
plan	R	M1	0.007131436	0.588524679	0.030858542	0.302142521	uncertainty	115	M1-S1
plan	R	S1	1.23E-15	1.464409102	0.009641881	-1	expectation	102	M1-S1
plan	R	S1	0.047380078	1.335904201	0.055613508	25.85908874	expectation	103	M1-S1
plan	R	S1	0.015542896	1.042996239	0.015542896	4.03987169	expectation	104	M1-S1
plan	R	S1	0.000789431	0.631744104	0.000789431	-0.961127857	expectation	105	M1-S1
plan	R	S1	0.010157666	1.006085763	0.016238894	1.258099204	expectation	106	M1-S1
plan	R	S1	0.01843071	1.045700077	0.01843071	6.564257851	expectation	107	M1-S1
plan	R	S1	0.001260538	1.086774941	0.001260538	-0.971229514	expectation	108	M1-S1
plan	R	S1	0.022467934	1.515308526	0.022467934	1.64000172	expectation	109	M1-S1
plan	R	S1	7.96E-13	1.572539352	0.004459643	-1	expectation	110	M1-S1
plan	R	S1	0.00674727	0.833012975	0.013041417	0.5883506	expectation	111	M1-S1
plan	R	S1	0.010281443	1.445131708	0.045684056	0.231291936	expectation	112	M1-S1
plan	R	S1	0.035899596	1.843282101	0.035899596	1.509707636	expectation	113	M1-S1
plan	R	S1	0.037569447	1.177809095	0.062266371	19.65632562	expectation	114	M1-S1
plan	R	S1	0.011387477	0.674589078	0.01389694	5.211309991	expectation	115	M1-S1
plan	R	S1	0.009641881	1.464409102	0.009641881	-0.46369856	uncertainty	102	M1-S1
plan	R	S1	0.00823343	1.335904201	0.055613508	-0.031192285	uncertainty	103	M1-S1
plan	R	S1	2.29E-11	1.042996239	0.015542896	-1	uncertainty	104	M1-S1
plan	R	S1	3.29E-13	0.631744104	0.000789431	-1	uncertainty	105	M1-S1
plan	R	S1	0.006081228	1.006085763	0.016238894	-0.170732595	uncertainty	106	M1-S1
plan	R	S1	1.27E-266	1.045700077	0.01843071	-1	uncertainty	107	M1-S1
plan	R	S1	0	1.086774941	0.001260538	-1	uncertainty	108	M1-S1
plan	R	S1	5.82E-18	1.515308526	0.022467934	-1	uncertainty	109	M1-S1
plan	R	S1	0.004459643	1.572539352	0.004459643	-0.783256825	uncertainty	110	M1-S1
plan	R	S1	0.006294147	0.833012975	0.013041417	0.386771066	uncertainty	111	M1-S1
plan	R	S1	0.035402613	1.445131708	0.045684056	12.03562137	uncertainty	112	M1-S1
plan	R	S1	2.57E-17	1.843282101	0.035899596	-1	uncertainty	113	M1-S1
plan	R	S1	0.024696924	1.177809095	0.062266371	8.494267996	uncertainty	114	M1-S1
plan	R	S1	0.002509464	0.674589078	0.01389694	-0.670005623	uncertainty	115	M1-S1
plan	R	SPLa	4.97E-26	1.329976683	0.017088599	-1.000015387	expectation	102	
plan	R	SPLa	0.02732137	1.25180002	0.036070023	7.404802944	expectation	103	
plan	R	SPLa	0.004800865	0.988539731	0.021510151	-0.50374888	expectation	104	
plan	R	SPLa	0.009043882	0.594327304	0.011240844	2.958266922	expectation	105	
plan	R	SPLa	0.014795605	0.989928691	0.014795605	3.356265089	expectation	106	
plan	R	SPLa	0.016992221	0.99481638	0.019910117	5.134155688	expectation	107	
plan	R	SPLa	0.014380783	1.094443265	0.030357442	2.365479237	expectation	108	
plan	R	SPLa	0.007787023	1.390691172	0.032185388	-0.669626758	expectation	109	
plan	R	SPLa	7.09E-12	1.488212345	0.005232131	-1	expectation	110	
plan	R	SPLa	0.003296163	0.797744478	0.010942152	-0.620772336	expectation	111	
plan	R	SPLa	0.027084972	1.470643558	0.071052609	6.611769489	expectation	112	
plan	R	SPLa	0.039723972	1.898075268	0.039723972	2.201954136	expectation	113	
plan	R	SPLa	0.023216804	1.171779599	0.058544444	7.180433143	expectation	114	
plan	R	SPLa	0.018896579	0.616946479	0.023793235	12.55850495	expectation	115	
plan	R	SPLa	0.017088599	1.329976683	0.017088599	1.02752814	uncertainty	102	
plan	R	SPLa	0.008748653	1.25180002	0.036070023	-0.047195363	uncertainty	103	
plan	R	SPLa	0.016709286	0.988539731	0.021510151	4.528228791	uncertainty	104	
plan	R	SPLa	0.002196962	0.594327304	0.011240844	-0.748978372	uncertainty	105	
plan	R	SPLa	1.16E-11	0.989928691	0.014795605	-1	uncertainty	106	
plan	R	SPLa	0.002917896	0.99481638	0.019910117	-0.801244161	uncertainty	107	
plan	R	SPLa	0.015976659	1.094443265	0.030357442	3.111735651	uncertainty	108	
plan	R	SPLa	0.024398365	1.390691172	0.032185388	2.097315049	uncertainty	109	
plan	R	SPLa	0.005232131	1.488212345	0.005232131	-0.764322612	uncertainty	110	
plan	R	SPLa	0.007645988	0.797744478	0.010942152	1.003533799	uncertainty	111	
plan	R	SPLa	0.043967637	1.470643558	0.071052609	17.78030076	uncertainty	112	
plan	R	SPLa	4.40E-61	1.898075268	0.039723972	-1	uncertainty	113	
plan	R	SPLa	0.03532764	1.171779599	0.058544444	16.85704158	uncertainty	114	
plan	R	SPLa	0.004896656	0.616946479	0.023793235	0.049685855	uncertainty	115	
plan	R	SPLp	1.32E-116	1.383733821	0.013917075	-1	expectation	102	
plan	R	SPLp	0.027388333	1.27384937	0.057728322	9.14776537	expectation	103	
plan	R	SPLp	0.017490741	1.045144948	0.049743644	5.961393617	expectation	104	
plan	R	SPLp	0.009547475	0.605564242	0.017101704	5.232952451	expectation	105	
plan	R	SPLp	0.01260941	0.983615421	0.026376054	3.14145245	expectation	106	
plan	R	SPLp	0.043935303	1.107470746	0.058834155	32.26278433	expectation	107	
plan	R	SPLp	0.003024245	1.069331552	0.003659443	-0.824402744	expectation	108	
plan	R	SPLp	0.027806586	1.453390309	0.070548294	3.294448551	expectation	109	
plan	R	SPLp	0.014308582	1.764948509	0.027837994	0.735346315	expectation	110	
plan	R	SPLp	0.004539152	0.805675219	0.022333182	-0.119124901	expectation	111	
plan	R	SPLp	0.03110942	1.609975785	0.084424614	8.355655094	expectation	112	
plan	R	SPLp	0.031483831	1.963594382	0.031483831	1.334874946	expectation	113	
plan	R	SPLp	0.024605878	1.297259464	0.076858519	8.290062484	expectation	114	
plan	R	SPLp	0.012385353	0.735522574	0.014189383	5.537346064	expectation	115	
plan	R	SPLp	0.013917075	1.383733821	0.013917075	0.42666136	uncertainty	102	
plan	R	SPLp	0.030339989	1.27384937	0.057728322	11.28703759	uncertainty	103	
plan	R	SPLp	0.032252904	1.045144948	0.049743644	20.82392351	uncertainty	104	
plan	R	SPLp	0.007554229	0.605564242	0.017101704	2.989538296	uncertainty	105	
plan	R	SPLp	0.013766644	0.983615421	0.026376054	3.895899242	uncertainty	106	
plan	R	SPLp	0.014898852	1.107470746	0.058834155	3.440005866	uncertainty	107	
plan	R	SPLp	0.000635198	1.069331552	0.003659443	-0.99351677	uncertainty	108	
plan	R	SPLp	0.042741708	1.453390309	0.070548294	8.688689493	uncertainty	109	
plan	R	SPLp	0.013529412	1.764948509	0.027837994	0.556198582	uncertainty	110	
plan	R	SPLp	0.01779403	0.805675219	0.022333182	11.13760109	uncertainty	111	
plan	R	SPLp	0.053315194	1.609975785	0.084424614	24.41704952	uncertainty	112	
plan	R	SPLp	3.22E-11	1.963594382	0.031483831	-1	uncertainty	113	
plan	R	SPLp	0.05225264	1.297259464	0.076858519	36.23206271	uncertainty	114	
plan	R	SPLp	0.00180403	0.735522574	0.014189383	-0.847418628	uncertainty	115	
exec	L	SMA	0.02892729	4.123173577	0.13327423	-0.445374572	sensory input	102	premotor-parietal
exec	L	SMA	0.059336917	2.788562111	0.107572398	5.384999332	sensory input	103	premotor-parietal
exec	L	SMA	3.35E-08	2.710596661	0.092883283	-1.000026726	sensory input	104	premotor-parietal
exec	L	SMA	5.06E-15	1.896591982	0.062873191	-1.000001349	sensory input	105	premotor-parietal
exec	L	SMA	7.19E-09	2.606712135	0.058101039	-0.999998428	sensory input	106	premotor-parietal
exec	L	SMA	2.63E-34	3.231345192	0.093907183	-1	sensory input	107	premotor-parietal
exec	L	SMA	1.70E-08	3.266420259	0.202842537	-0.999977455	sensory input	108	premotor-parietal
exec	L	SMA	0.085094041	3.689535554	0.130938326	1.272974917	sensory input	109	premotor-parietal
exec	L	SMA	7.01E-09	3.707205167	0.096381741	-0.999997967	sensory input	110	premotor-parietal
exec	L	SMA	6.93E-08	2.83076079	0.060018813	-0.999976558	sensory input	111	premotor-parietal
exec	L	SMA	7.45E-23	3.353747961	0.137781391	-1.000001521	sensory input	112	premotor-parietal
exec	L	SMA	0.079210679	4.885610437	0.2287177	0.85233042	sensory input	113	premotor-parietal
exec	L	SMA	0.004294226	3.429227298	0.094052815	-1.000001618	sensory input	114	premotor-parietal
exec	L	SMA	0.002462109	1.849004327	0.057577193	-0.967561584	sensory input	115	premotor-parietal
exec	L	SMA	3.68E-07	4.123173577	0.13327423	-1.00000272	expectation	102	premotor-parietal
exec	L	SMA	1.35E-08	2.788562111	0.107572398	-1.000002732	expectation	103	premotor-parietal
exec	L	SMA	1.98E-08	2.710596661	0.092883283	-0.999994194	expectation	104	premotor-parietal
exec	L	SMA	3.43E-264	1.896591982	0.062873191	-0.999999504	expectation	105	premotor-parietal
exec	L	SMA	2.84E-08	2.606712135	0.058101039	-1.000003457	expectation	106	premotor-parietal
exec	L	SMA	2.20E-11	3.231345192	0.093907183	-1	expectation	107	premotor-parietal
exec	L	SMA	5.31E-09	3.266420259	0.202842537	-0.999974815	expectation	108	premotor-parietal
exec	L	SMA	4.92E-07	3.689535554	0.130938326	-1.000000269	expectation	109	premotor-parietal
exec	L	SMA	9.51E-09	3.707205167	0.096381741	-1.000002214	expectation	110	premotor-parietal
exec	L	SMA	2.11E-09	2.83076079	0.060018813	-0.999974667	expectation	111	premotor-parietal
exec	L	SMA	8.18E-12	3.353747961	0.137781391	-0.999998223	expectation	112	premotor-parietal
exec	L	SMA	4.04E-08	4.885610437	0.2287177	-1.000000641	expectation	113	premotor-parietal
exec	L	SMA	0	3.429227298	0.094052815	-1.000001442	expectation	114	premotor-parietal
exec	L	SMA	5.38E-09	1.849004327	0.057577193	-1.000003719	expectation	115	premotor-parietal
exec	L	SMA	0.104346572	4.123173577	0.13327423	5.543428386	surprise	102	premotor-parietal
exec	L	SMA	0.048235467	2.788562111	0.107572398	3.380872468	surprise	103	premotor-parietal
exec	L	SMA	0.09288323	2.710596661	0.092883283	13.55075142	surprise	104	premotor-parietal
exec	L	SMA	0.062873191	1.896591982	0.062873191	13.33279612	surprise	105	premotor-parietal
exec	L	SMA	0.058101004	2.606712135	0.058101039	6.741624488	surprise	106	premotor-parietal
exec	L	SMA	0.093907183	3.231345192	0.093907183	13.11415772	surprise	107	premotor-parietal
exec	L	SMA	0.202842515	3.266420259	0.202842537	55.06829001	surprise	108	premotor-parietal
exec	L	SMA	0.045843793	3.689535554	0.130938326	-0.611432929	surprise	109	premotor-parietal
exec	L	SMA	0.096381724	3.707205167	0.096381741	10.61176679	surprise	110	premotor-parietal
exec	L	SMA	0.060018742	2.83076079	0.060018813	7.657619046	surprise	111	premotor-parietal
exec	L	SMA	0.137781391	3.353747961	0.137781391	21.19530794	surprise	112	premotor-parietal
exec	L	SMA	0.14950698	4.885610437	0.2287177	5.204794767	surprise	113	premotor-parietal
exec	L	SMA	0.089758588	3.429227298	0.094052815	7.044097831	surprise	114	premotor-parietal
exec	L	SMA	0.055115078	1.849004327	0.057577193	12.81882537	surprise	115	premotor-parietal
exec	L	PMd	1.49E-14	4.007619742	0.144517611	-1	sensory input	102	premotor-parietal
exec	L	PMd	0.093892357	3.246781966	0.169918607	18.51996237	sensory input	103	premotor-parietal
exec	L	PMd	0.173968658	2.898637342	0.288017362	71.58463796	sensory input	104	premotor-parietal
exec	L	PMd	0.006908705	1.853680031	0.088510102	-0.926982794	sensory input	105	premotor-parietal
exec	L	PMd	0.075562685	2.997894979	0.149474404	12.69199802	sensory input	106	premotor-parietal
exec	L	PMd	0.026731725	3.08874668	0.112930028	0.185440872	sensory input	107	premotor-parietal
exec	L	PMd	0.033129583	3.61039454	0.26815522	1.458477865	sensory input	108	premotor-parietal
exec	L	PMd	0.167415053	4.666641485	0.342072289	18.2126766	sensory input	109	premotor-parietal
exec	L	PMd	0.119293271	4.779022993	0.222100453	16.07426803	sensory input	110	premotor-parietal
exec	L	PMd	0.024758057	2.779128401	0.127068228	1.84291509	sensory input	111	premotor-parietal
exec	L	PMd	0.10196592	4.297012091	0.267070824	12.39765996	sensory input	112	premotor-parietal
exec	L	PMd	0.331949652	6.217071091	0.671690576	18.84550587	sensory input	113	premotor-parietal
exec	L	PMd	0.113072847	3.622891972	0.22837047	18.18916537	sensory input	114	premotor-parietal
exec	L	PMd	0.034808497	2.140099976	0.110673552	5.803224229	sensory input	115	premotor-parietal
exec	L	PMd	0	4.007619742	0.144517611	-1	expectation	102	premotor-parietal
exec	L	PMd	3.89E-08	3.246781966	0.169918607	-1.000003548	expectation	103	premotor-parietal
exec	L	PMd	0.00951714	2.898637342	0.288017362	-0.736447009	expectation	104	premotor-parietal
exec	L	PMd	3.34E-13	1.853680031	0.088510102	-1	expectation	105	premotor-parietal
exec	L	PMd	0.020897418	2.997894979	0.149474404	0.185183118	expectation	106	premotor-parietal
exec	L	PMd	3.17E-07	3.08874668	0.112930028	-1.000003676	expectation	107	premotor-parietal
exec	L	PMd	1.46E-08	3.61039454	0.26815522	-1.00000525	expectation	108	premotor-parietal
exec	L	PMd	4.59E-08	4.666641485	0.342072289	-1.000003668	expectation	109	premotor-parietal
exec	L	PMd	4.22E-08	4.779022993	0.222100453	-0.99999641	expectation	110	premotor-parietal
exec	L	PMd	2.19E-23	2.779128401	0.127068228	-0.999997028	expectation	111	premotor-parietal
exec	L	PMd	6.93E-28	4.297012091	0.267070824	-1.000001041	expectation	112	premotor-parietal
exec	L	PMd	0.062913019	6.217071091	0.671690576	-0.684211138	expectation	113	premotor-parietal
exec	L	PMd	0.036880935	3.622891972	0.22837047	1.060509671	expectation	114	premotor-parietal
exec	L	PMd	2.83E-07	2.140099976	0.110673552	-1.000003673	expectation	115	premotor-parietal
exec	L	PMd	0.144517611	4.007619742	0.144517611	18.89912576	surprise	102	premotor-parietal
exec	L	PMd	0.076026211	3.246781966	0.169918607	12.33942328	surprise	103	premotor-parietal
exec	L	PMd	0.104531563	2.898637342	0.288017362	29.20687785	surprise	104	premotor-parietal
exec	L	PMd	0.081601397	1.853680031	0.088510102	33.17826826	surprise	105	premotor-parietal
exec	L	PMd	0.0530143	2.997894979	0.149474404	6.233676959	surprise	106	premotor-parietal
exec	L	PMd	0.086197986	3.08874668	0.112930028	15.49760272	surprise	107	premotor-parietal
exec	L	PMd	0.235025623	3.61039454	0.26815522	83.24511144	surprise	108	premotor-parietal
exec	L	PMd	0.17465719	4.666641485	0.342072289	19.70805021	surprise	109	premotor-parietal
exec	L	PMd	0.102807141	4.779022993	0.222100453	12.00215704	surprise	110	premotor-parietal
exec	L	PMd	0.102310171	2.779128401	0.127068228	38.87328629	surprise	111	premotor-parietal
exec	L	PMd	0.165104904	4.297012091	0.267070824	31.98631001	surprise	112	premotor-parietal
exec	L	PMd	0.276827905	6.217071091	0.671690576	13.16467419	surprise	113	premotor-parietal
exec	L	PMd	0.078416687	3.622891972	0.22837047	9.238833951	surprise	114	premotor-parietal
exec	L	PMd	0.075864773	2.140099976	0.110673552	28.27344294	surprise	115	premotor-parietal
exec	L	PMv	4.67E-07	4.280614816	0.096987818	-1.000000817	sensory input	102	premotor-parietal
exec	L	PMv	0.088377195	2.819201238	0.147626436	7.301665012	sensory input	103	premotor-parietal
exec	L	PMv	0.030984384	2.797619378	0.145122813	0.434629699	sensory input	104	premotor-parietal
exec	L	PMv	4.39E-08	1.988346677	0.069738436	-1.000001727	sensory input	105	premotor-parietal
exec	L	PMv	0.052859229	2.543400149	0.141911529	3.711836676	sensory input	106	premotor-parietal
exec	L	PMv	4.96E-07	3.012051105	0.03651116	-1.000000896	sensory input	107	premotor-parietal
exec	L	PMv	0.010825283	2.966593669	0.317281572	-0.956137506	sensory input	108	premotor-parietal
exec	L	PMv	0.069715833	3.237714293	0.223224642	1.772769519	sensory input	109	premotor-parietal
exec	L	PMv	0.01296863	3.477785984	0.129141935	-0.973719848	sensory input	110	premotor-parietal
exec	L	PMv	0.002658812	2.870561278	0.118890876	-0.988678351	sensory input	111	premotor-parietal
exec	L	PMv	3.48E-08	3.493820989	0.078064327	-1.000002363	sensory input	112	premotor-parietal
exec	L	PMv	0.390017764	3.45097313	0.509070038	37.55322927	sensory input	113	premotor-parietal
exec	L	PMv	0.015390056	3.349950845	0.125143835	-0.730149776	sensory input	114	premotor-parietal
exec	L	PMv	0.048979422	1.68041593	0.117646608	8.603270137	sensory input	115	premotor-parietal
exec	L	PMv	4.03E-08	4.280614816	0.096987818	-1.000001012	expectation	102	premotor-parietal
exec	L	PMv	3.55E-07	2.819201238	0.147626436	-1.000003518	expectation	103	premotor-parietal
exec	L	PMv	0	2.797619378	0.145122813	-1.000002434	expectation	104	premotor-parietal
exec	L	PMv	1.98E-08	1.988346677	0.069738436	-1.000002196	expectation	105	premotor-parietal
exec	L	PMv	3.82E-06	2.543400149	0.141911529	-1.000001228	expectation	106	premotor-parietal
exec	L	PMv	2.19E-08	3.012051105	0.03651116	-1.00000143	expectation	107	premotor-parietal
exec	L	PMv	3.73E-220	2.966593669	0.317281572	-1	expectation	108	premotor-parietal
exec	L	PMv	8.08E-08	3.237714293	0.223224642	-1.000003031	expectation	109	premotor-parietal
exec	L	PMv	5.67E-23	3.477785984	0.129141935	-1.000002663	expectation	110	premotor-parietal
exec	L	PMv	1.64E-08	2.870561278	0.118890876	-1.000003562	expectation	111	premotor-parietal
exec	L	PMv	4.35E-08	3.493820989	0.078064327	-1.000001977	expectation	112	premotor-parietal
exec	L	PMv	5.40E-08	3.45097313	0.509070038	-1	expectation	113	premotor-parietal
exec	L	PMv	0	3.349950845	0.125143835	-0.999999798	expectation	114	premotor-parietal
exec	L	PMv	5.05E-85	1.68041593	0.117646608	-0.999999478	expectation	115	premotor-parietal
exec	L	PMv	0.096987311	4.280614816	0.096987818	1.673211715	surprise	102	premotor-parietal
exec	L	PMv	0.059248886	2.819201238	0.147626436	3.119778411	surprise	103	premotor-parietal
exec	L	PMv	0.114138429	2.797619378	0.145122813	14.12935315	surprise	104	premotor-parietal
exec	L	PMv	0.069738372	1.988346677	0.069738436	9.59770342	surprise	105	premotor-parietal
exec	L	PMv	0.089048475	2.543400149	0.141911529	11.15284179	surprise	106	premotor-parietal
exec	L	PMv	0.036510642	3.012051105	0.03651116	0.904381615	surprise	107	premotor-parietal
exec	L	PMv	0.306456289	2.966593669	0.317281572	55.13341202	surprise	108	premotor-parietal
exec	L	PMv	0.153508728	3.237714293	0.223224642	9.911042214	surprise	109	premotor-parietal
exec	L	PMv	0.116173306	3.477785984	0.129141935	7.201768064	surprise	110	premotor-parietal
exec	L	PMv	0.116232047	2.870561278	0.118890876	16.13122543	surprise	111	premotor-parietal
exec	L	PMv	0.078064248	3.493820989	0.078064327	4.889593487	surprise	112	premotor-parietal
exec	L	PMv	0.11905222	3.45097313	0.509070038	3.768257732	surprise	113	premotor-parietal
exec	L	PMv	0.109753779	3.349950845	0.125143835	8.997269962	surprise	114	premotor-parietal
exec	L	PMv	0.068667187	1.68041593	0.117646608	16.2005788	surprise	115	premotor-parietal
exec	L	M1	0.122667973	3.656354095	0.300965662	3.876395567	sensory input	102	M1-S1
exec	L	M1	0.616163387	2.62140846	0.711476793	181.4515442	sensory input	103	M1-S1
exec	L	M1	0.508435033	2.471798601	0.665833379	156.4046277	sensory input	104	M1-S1
exec	L	M1	0.143673448	1.694305148	0.190765782	41.15318877	sensory input	105	M1-S1
exec	L	M1	0.410621484	2.317424956	0.47390319	145.3162722	sensory input	106	M1-S1
exec	L	M1	0.178383312	2.624338013	0.229361014	34.59715028	sensory input	107	M1-S1
exec	L	M1	0.162361572	2.641648098	0.426890061	22.88497642	sensory input	108	M1-S1
exec	L	M1	0.378399572	3.035345894	0.417354424	56.18651214	sensory input	109	M1-S1
exec	L	M1	1.511120543	3.656731132	1.677426899	417.4527587	sensory input	110	M1-S1
exec	L	M1	0.138202262	2.63696116	0.171915982	29.07958919	sensory input	111	M1-S1
exec	L	M1	0.373795351	3.239146889	0.459482694	70.63952764	sensory input	112	M1-S1
exec	L	M1	0.903380556	3.235487779	0.916313149	133.0354508	sensory input	113	M1-S1
exec	L	M1	0.678805146	2.890624208	0.846761423	197.5657461	sensory input	114	M1-S1
exec	L	M1	0.153755039	1.672842362	0.225836319	45.98700246	sensory input	115	M1-S1
exec	L	M1	9.50E-28	3.656354095	0.300965662	-1	expectation	102	M1-S1
exec	L	M1	0.036929537	2.62140846	0.711476793	0.61206403	expectation	103	M1-S1
exec	L	M1	0.028884229	2.471798601	0.665833379	-0.79459989	expectation	104	M1-S1
exec	L	M1	0.011560195	1.694305148	0.190765782	-0.717111892	expectation	105	M1-S1
exec	L	M1	0.019928324	2.317424956	0.47390319	-0.302895114	expectation	106	M1-S1
exec	L	M1	8.95E-08	2.624338013	0.229361014	-1.000002478	expectation	107	M1-S1
exec	L	M1	4.01E-99	2.641648098	0.426890061	-1	expectation	108	M1-S1
exec	L	M1	2.21E-08	3.035345894	0.417354424	-1.000002677	expectation	109	M1-S1
exec	L	M1	0.040139611	3.656731132	1.677426899	0.148854721	expectation	110	M1-S1
exec	L	M1	3.84E-08	2.63696116	0.171915982	-1.000002227	expectation	111	M1-S1
exec	L	M1	0.021343397	3.239146889	0.459482694	-0.668646956	expectation	112	M1-S1
exec	L	M1	2.16E-07	3.235487779	0.916313149	-0.999998841	expectation	113	M1-S1
exec	L	M1	0.064772891	2.890624208	0.846761423	3.227164618	expectation	114	M1-S1
exec	L	M1	0.022878689	1.672842362	0.225836319	0.70917684	expectation	115	M1-S1
exec	L	M1	0.178297689	3.656354095	0.300965662	9.015809069	surprise	102	M1-S1
exec	L	M1	0.058383869	2.62140846	0.711476793	3.848376424	surprise	103	M1-S1
exec	L	M1	0.128514116	2.471798601	0.665833379	15.88032611	surprise	104	M1-S1
exec	L	M1	0.035532138	1.694305148	0.190765782	2.468767023	surprise	105	M1-S1
exec	L	M1	0.043353382	2.317424956	0.47390319	2.890478224	surprise	106	M1-S1
exec	L	M1	0.050977613	2.624338013	0.229361014	3.119524327	surprise	107	M1-S1
exec	L	M1	0.264528489	2.641648098	0.426890061	50.62015814	surprise	108	M1-S1
exec	L	M1	0.03895483	3.035345894	0.417354424	0.033638056	surprise	109	M1-S1
exec	L	M1	0.126166745	3.656731132	1.677426899	10.15767846	surprise	110	M1-S1
exec	L	M1	0.033713681	2.63696116	0.171915982	1.270087125	surprise	111	M1-S1
exec	L	M1	0.064343945	3.239146889	0.459482694	2.376208386	surprise	112	M1-S1
exec	L	M1	0.012932377	3.235487779	0.916313149	-0.933342284	surprise	113	M1-S1
exec	L	M1	0.103183386	2.890624208	0.846761423	10.77108059	surprise	114	M1-S1
exec	L	M1	0.049202591	1.672842362	0.225836319	6.304774252	surprise	115	M1-S1
exec	L	S1	0.065794388	3.887004885	0.189489374	1.499484535	sensory input	102	M1-S1
exec	L	S1	0.78355424	3.46202118	0.937807468	394.5424785	sensory input	103	M1-S1
exec	L	S1	1.272077719	2.74076697	1.434208467		sensory input	104	M1-S1
exec	L	S1	0.14578443	1.810926826	0.227566758	81.54655961	sensory input	105	M1-S1
exec	L	S1	0.440223392	2.766892402	0.537070482	222.245017	sensory input	106	M1-S1
exec	L	S1	0.37972273	2.849879358	0.473498257	165.4556619	sensory input	107	M1-S1
exec	L	S1	0.231617231	3.128066206	0.488069908	78.69044302	sensory input	108	M1-S1
exec	L	S1	0.794733432	3.977894479	0.899974895	219.4060374	sensory input	109	M1-S1
exec	L	S1	2.688373478	4.603622776	2.880727408		sensory input	110	M1-S1
exec	L	S1	0.56297591	2.505533687	0.655250882	470.4284407	sensory input	111	M1-S1
exec	L	S1	0.495040784	3.830752854	0.65007983	231.2898153	sensory input	112	M1-S1
exec	L	S1	1.845395072	4.136361708	2.103726009	434.7356105	sensory input	113	M1-S1
exec	L	S1	0.721364009	3.330557773	0.895667686	400.2993681	sensory input	114	M1-S1
exec	L	S1	0.117256428	1.963916831	0.173020813	59.48792998	sensory input	115	M1-S1
exec	L	S1	3.72E-07	3.887004885	0.189489374	-1.000003659	expectation	102	M1-S1
exec	L	S1	0.055893705	3.46202118	0.937807468	3.171676004	expectation	103	M1-S1
exec	L	S1	0.109442419	2.74076697	1.434208467	19.85485211	expectation	104	M1-S1
exec	L	S1	0.032898968	1.810926826	0.227566758	5.264459462	expectation	105	M1-S1
exec	L	S1	0.055373151	2.766892402	0.537070482	5.80853967	expectation	106	M1-S1
exec	L	S1	0.041228117	2.849879358	0.473498257	2.501446362	expectation	107	M1-S1
exec	L	S1	7.78E-16	3.128066206	0.488069908	-1.000004409	expectation	108	M1-S1
exec	L	S1	0.017597552	3.977894479	0.899974895	-0.802142791	expectation	109	M1-S1
exec	L	S1	0.07114908	4.603622776	2.880727408	2.200451217	expectation	110	M1-S1
exec	L	S1	2.55E-08	2.505533687	0.655250882	-0.999970644	expectation	111	M1-S1
exec	L	S1	0.078270733	3.830752854	0.65007983	8.276403769	expectation	112	M1-S1
exec	L	S1	0.119807471	4.136361708	2.103726009	3.589482944	expectation	113	M1-S1
exec	L	S1	0.056116487	3.330557773	0.895667686	4.689947654	expectation	114	M1-S1
exec	L	S1	2.73E-07	1.963916831	0.173020813	-0.999965272	expectation	115	M1-S1
exec	L	S1	0.123694614	3.887004885	0.189489374	8.194828896	surprise	102	M1-S1
exec	L	S1	0.098359522	3.46202118	0.937807468	13.82905128	surprise	103	M1-S1
exec	L	S1	0.052688328	2.74076697	1.434208467	7.001484746	surprise	104	M1-S1
exec	L	S1	0.04888336	1.810926826	0.227566758	13.73748397	surprise	105	M1-S1
exec	L	S1	0.041473938	2.766892402	0.537070482	4.064013475	surprise	106	M1-S1
exec	L	S1	0.05254741	2.849879358	0.473498257	5.567811439	surprise	107	M1-S1
exec	L	S1	0.256452677	3.128066206	0.488069908	92.7547397	surprise	108	M1-S1
exec	L	S1	0.087643911	3.977894479	0.899974895	4.617668089	surprise	109	M1-S1
exec	L	S1	0.121204851	4.603622776	2.880727408	10.44677887	surprise	110	M1-S1
exec	L	S1	0.092274947	2.505533687	0.655250882	30.24077942	surprise	111	M1-S1
exec	L	S1	0.076768314	3.830752854	0.65007983	9.801462233	surprise	112	M1-S1
exec	L	S1	0.138523466	4.136361708	2.103726009	6.49605441	surprise	113	M1-S1
exec	L	S1	0.11818719	3.330557773	0.895667686	26.54294307	surprise	114	M1-S1
exec	L	S1	0.055764112	1.963916831	0.173020813	16.31053858	surprise	115	M1-S1
exec	L	SPLa	2.22E-08	3.5194993	0.047676624	-1.000000909	sensory input	102	
exec	L	SPLa	0.138847731	3.094164365	0.249054431	22.71443558	sensory input	103	
exec	L	SPLa	2.46E-208	2.592346291	0.092199384	-1	sensory input	104	
exec	L	SPLa	1.45E-20	1.708431607	0.098808658	-1	sensory input	105	
exec	L	SPLa	0.000779995	2.757202669	0.070907627	-0.99949968	sensory input	106	
exec	L	SPLa	0.03166129	3.032656498	0.0932965	1.868189924	sensory input	107	
exec	L	SPLa	4.14E-49	2.960762751	0.26423699	-1	sensory input	108	
exec	L	SPLa	0.108111598	3.594184165	0.231869437	6.758274373	sensory input	109	
exec	L	SPLa	0.105058731	4.306959914	0.230603361	9.256538113	sensory input	110	
exec	L	SPLa	1.67E-07	2.71783861	0.095166375	-0.999977673	sensory input	111	
exec	L	SPLa	0.075168084	3.49521022	0.223000202	7.326993561	sensory input	112	
exec	L	SPLa	0.24654412	3.96401855	0.552911369	21.31919284	sensory input	113	
exec	L	SPLa	0.009031533	3.273162917	0.112683391	-0.972969467	sensory input	114	
exec	L	SPLa	0.026347299	2.083117772	0.125189591	2.440240952	sensory input	115	
exec	L	SPLa	2.03E-08	3.5194993	0.047676624	-1.000002516	expectation	102	
exec	L	SPLa	0.007863628	3.094164365	0.249054431	-1.000001049	expectation	103	
exec	L	SPLa	1.31E-24	2.592346291	0.092199384	-1	expectation	104	
exec	L	SPLa	1.15E-16	1.708431607	0.098808658	-1.000000001	expectation	105	
exec	L	SPLa	0.008354096	2.757202669	0.070907627	-0.815740152	expectation	106	
exec	L	SPLa	2.90E-07	3.032656498	0.0932965	-1.000000398	expectation	107	
exec	L	SPLa	1.18E-21	2.960762751	0.26423699	-1	expectation	108	
exec	L	SPLa	4.77E-08	3.594184165	0.231869437	-1.000000185	expectation	109	
exec	L	SPLa	3.97E-08	4.306959914	0.230603361	-1.000003668	expectation	110	
exec	L	SPLa	2.11E-09	2.71783861	0.095166375	-0.999976329	expectation	111	
exec	L	SPLa	0.002621417	3.49521022	0.223000202	-0.988194719	expectation	112	
exec	L	SPLa	0.120793723	3.96401855	0.552911369	5.1105042	expectation	113	
exec	L	SPLa	1.08E-14	3.273162917	0.112683391	-1	expectation	114	
exec	L	SPLa	1.88E-217	2.083117772	0.125189591	-1	expectation	115	
exec	L	SPLa	0.047676581	3.5194993	0.047676624	0.98032445	surprise	102	
exec	L	SPLa	0.102343072	3.094164365	0.249054431	12.453	surprise	103	
exec	L	SPLa	0.092199384	2.592346291	0.092199384	26.34846798	surprise	104	
exec	L	SPLa	0.098808658	1.708431607	0.098808658	40.49374004	surprise	105	
exec	L	SPLa	0.061773537	2.757202669	0.070907627	7.015144985	surprise	106	
exec	L	SPLa	0.06163492	3.032656498	0.0932965	8.982451143	surprise	107	
exec	L	SPLa	0.26423699	2.960762751	0.26423699	97.85470573	surprise	108	
exec	L	SPLa	0.123757792	3.594184165	0.231869437	8.987848049	surprise	109	
exec	L	SPLa	0.12554459	4.306959914	0.230603361	13.31296338	surprise	110	
exec	L	SPLa	0.095166206	2.71783861	0.095166375	25.19295485	surprise	111	
exec	L	SPLa	0.1452107	3.49521022	0.223000202	25.76830239	surprise	112	
exec	L	SPLa	0.185573526	3.96401855	0.552911369	13.35611709	surprise	113	
exec	L	SPLa	0.103651858	3.273162917	0.112683391	16.03184722	surprise	114	
exec	L	SPLa	0.098842292	2.083117772	0.125189591	38.23963731	surprise	115	
exec	L	SPLp	1.32E-07	3.678437966	0.064513657	-1.000003652	sensory input	102	
exec	L	SPLp	0.010746803	3.262844629	0.067566296	-0.805676595	sensory input	103	
exec	L	SPLp	3.98E-09	2.615037543	0.081999916	-0.999975731	sensory input	104	
exec	L	SPLp	0.003433755	1.7222876	0.072086383	-1	sensory input	105	
exec	L	SPLp	0.010814158	2.747936752	0.076793076	-0.895081127	sensory input	106	
exec	L	SPLp	0.04027247	3.21682995	0.130962164	0.725160263	sensory input	107	
exec	L	SPLp	1.47E-23	3.06326002	0.317331335	-1	sensory input	108	
exec	L	SPLp	0.056517303	4.32955977	0.212642779	1.564036659	sensory input	109	
exec	L	SPLp	3.02E-24	4.837915378	0.160505299	-0.999999749	sensory input	110	
exec	L	SPLp	0.017347192	2.500064214	0.103888613	0.459293323	sensory input	111	
exec	L	SPLp	2.53E-07	3.95661563	0.145279575	-0.999979574	sensory input	112	
exec	L	SPLp	0.005556695	5.347208683	0.229855923	-0.988871881	sensory input	113	
exec	L	SPLp	0.053998411	3.294238072	0.155255599	3.093164803	sensory input	114	
exec	L	SPLp	0.006766136	2.172276562	0.062448105	-0.706200195	sensory input	115	
exec	L	SPLp	9.59E-09	3.678437966	0.064513657	-0.999998304	expectation	102	
exec	L	SPLp	1.60E-08	3.262844629	0.067566296	-1.000025025	expectation	103	
exec	L	SPLp	3.40E-09	2.615037543	0.081999916	-0.999976246	expectation	104	
exec	L	SPLp	0.000537763	1.7222876	0.072086383	-1	expectation	105	
exec	L	SPLp	0.005735523	2.747936752	0.076793076	-0.999027495	expectation	106	
exec	L	SPLp	4.64E-25	3.21682995	0.130962164	-1	expectation	107	
exec	L	SPLp	4.50E-95	3.06326002	0.317331335	-1	expectation	108	
exec	L	SPLp	4.18E-08	4.32955977	0.212642779	-1.000003191	expectation	109	
exec	L	SPLp	3.56E-35	4.837915378	0.160505299	-0.999999213	expectation	110	
exec	L	SPLp	3.49E-09	2.500064214	0.103888613	-1.000001908	expectation	111	
exec	L	SPLp	2.22E-08	3.95661563	0.145279575	-0.999978336	expectation	112	
exec	L	SPLp	3.63E-08	5.347208683	0.229855923	-0.999999787	expectation	113	
exec	L	SPLp	5.90E-08	3.294238072	0.155255599	-1.000003667	expectation	114	
exec	L	SPLp	9.39E-09	2.172276562	0.062448105	-0.999968031	expectation	115	
exec	L	SPLp	0.064513515	3.678437966	0.064513657	4.150404198	surprise	102	
exec	L	SPLp	0.056819477	3.262844629	0.067566296	4.56621914	surprise	103	
exec	L	SPLp	0.081999909	2.615037543	0.081999916	24.43689048	surprise	104	
exec	L	SPLp	0.068114865	1.7222876	0.072086383	23.01414659	surprise	105	
exec	L	SPLp	0.060243396	2.747936752	0.076793076	7.498515456	surprise	106	
exec	L	SPLp	0.090689694	3.21682995	0.130962164	9.618926124	surprise	107	
exec	L	SPLp	0.317331335	3.06326002	0.317331335	144.6778839	surprise	108	
exec	L	SPLp	0.156125434	4.32955977	0.212642779	16.49557003	surprise	109	
exec	L	SPLp	0.160505299	4.837915378	0.160505299	23.82137746	surprise	110	
exec	L	SPLp	0.086541418	2.500064214	0.103888613	25.3855483	surprise	111	
exec	L	SPLp	0.1452793	3.95661563	0.145279575	28.82470619	surprise	112	
exec	L	SPLp	0.224299192	5.347208683	0.229855923	13.34916848	surprise	113	
exec	L	SPLp	0.101257129	3.294238072	0.155255599	13.36806734	surprise	114	
exec	L	SPLp	0.055681959	2.172276562	0.062448105	15.98655972	surprise	115	
exec	R	SMA	0.056931996	4.29801107	0.194791338	0.797484899	sensory input	102	premotor-parietal
exec	R	SMA	0.058093563	2.837033095	0.108090478	5.100817013	sensory input	103	premotor-parietal
exec	R	SMA	2.51E-08	2.578173444	0.082316767	-0.999977391	sensory input	104	premotor-parietal
exec	R	SMA	0.002009451	2.016739525	0.059585132	-1.000002479	sensory input	105	premotor-parietal
exec	R	SMA	1.42E-08	2.460689126	0.079431859	-1.000002692	sensory input	106	premotor-parietal
exec	R	SMA	0.000496079	2.873891405	0.068680742	-1.000002007	sensory input	107	premotor-parietal
exec	R	SMA	6.52E-25	2.82979404	0.205691309	-0.999999579	sensory input	108	premotor-parietal
exec	R	SMA	0.022707152	3.12964285	0.144618944	-0.518991636	sensory input	109	premotor-parietal
exec	R	SMA	1.98E-08	3.628906578	0.061635609	-1.000002252	sensory input	110	premotor-parietal
exec	R	SMA	2.10E-07	2.825350384	0.112516289	-1.000003395	sensory input	111	premotor-parietal
exec	R	SMA	0.017432477	3.440391908	0.110828367	-0.543119849	sensory input	112	premotor-parietal
exec	R	SMA	5.30E-08	3.402540662	0.114835208	-1.000001256	sensory input	113	premotor-parietal
exec	R	SMA	0.014801394	2.999436974	0.093196795	-0.811984414	sensory input	114	premotor-parietal
exec	R	SMA	0.009754698	1.648514397	0.06018662	-0.296523802	sensory input	115	premotor-parietal
exec	R	SMA	3.66E-08	4.29801107	0.194791338	-1.000003739	expectation	102	premotor-parietal
exec	R	SMA	6.10E-08	2.837033095	0.108090478	-1.000002274	expectation	103	premotor-parietal
exec	R	SMA	1.67E-08	2.578173444	0.082316767	-0.999979765	expectation	104	premotor-parietal
exec	R	SMA	1.01E-73	2.016739525	0.059585132	-1.000001444	expectation	105	premotor-parietal
exec	R	SMA	0.022091123	2.460689126	0.079431859	-0.25547954	expectation	106	premotor-parietal
exec	R	SMA	9.00E-13	2.873891405	0.068680742	-1.000003696	expectation	107	premotor-parietal
exec	R	SMA	6.84E-29	2.82979404	0.205691309	-0.999999196	expectation	108	premotor-parietal
exec	R	SMA	3.42E-08	3.12964285	0.144618944	-0.999988746	expectation	109	premotor-parietal
exec	R	SMA	6.66E-08	3.628906578	0.061635609	-1.00000372	expectation	110	premotor-parietal
exec	R	SMA	4.89E-09	2.825350384	0.112516289	-1.000001765	expectation	111	premotor-parietal
exec	R	SMA	5.32E-07	3.440391908	0.110828367	-1.000001144	expectation	112	premotor-parietal
exec	R	SMA	1.36E-08	3.402540662	0.114835208	-0.999998795	expectation	113	premotor-parietal
exec	R	SMA	1.11E-13	2.999436974	0.093196795	-1.000000728	expectation	114	premotor-parietal
exec	R	SMA	1.02E-08	1.648514397	0.06018662	-0.999967206	expectation	115	premotor-parietal
exec	R	SMA	0.137859306	4.29801107	0.194791338	7.505369355	surprise	102	premotor-parietal
exec	R	SMA	0.049996854	2.837033095	0.108090478	3.70237999	surprise	103	premotor-parietal
exec	R	SMA	0.082316725	2.578173444	0.082316767	13.02632426	surprise	104	premotor-parietal
exec	R	SMA	0.05757568	2.016739525	0.059585132	5.758743743	surprise	105	premotor-parietal
exec	R	SMA	0.057340722	2.460689126	0.079431859	4.644929231	surprise	106	premotor-parietal
exec	R	SMA	0.068184663	2.873891405	0.068680742	5.194929007	surprise	107	premotor-parietal
exec	R	SMA	0.205691309	2.82979404	0.205691309	56.05771564	surprise	108	premotor-parietal
exec	R	SMA	0.121911758	3.12964285	0.144618944	10.47510708	surprise	109	premotor-parietal
exec	R	SMA	0.061635523	3.628906578	0.061635609	3.327946147	surprise	110	premotor-parietal
exec	R	SMA	0.112516074	2.825350384	0.112516289	24.53550479	surprise	111	premotor-parietal
exec	R	SMA	0.093395358	3.440391908	0.110828367	8.881375425	surprise	112	premotor-parietal
exec	R	SMA	0.114835142	3.402540662	0.114835208	5.478376058	surprise	113	premotor-parietal
exec	R	SMA	0.078395401	2.999436974	0.093196795	6.546295338	surprise	114	premotor-parietal
exec	R	SMA	0.050431911	1.648514397	0.06018662	14.49996808	surprise	115	premotor-parietal
exec	R	PMd	2.60E-08	3.860714166	0.03691645	-1.000001947	sensory input	102	premotor-parietal
exec	R	PMd	0.070526861	3.255317883	0.156206163	12.43908697	sensory input	103	premotor-parietal
exec	R	PMd	1.03E-07	2.686671825	0.092223408	-1.000000583	sensory input	104	premotor-parietal
exec	R	PMd	8.42E-302	1.790718999	0.070931957	-1	sensory input	105	premotor-parietal
exec	R	PMd	1.45E-76	2.588411123	0.088969709	-1.000002059	sensory input	106	premotor-parietal
exec	R	PMd	0.019503054	2.496845247	0.080089665	0.129939065	sensory input	107	premotor-parietal
exec	R	PMd	1.63E-08	3.16745294	0.192286086	-1.000001272	sensory input	108	premotor-parietal
exec	R	PMd	0.061114686	4.405036916	0.236147123	1.975017214	sensory input	109	premotor-parietal
exec	R	PMd	1.81E-08	3.862436142	0.096003	-1.000000403	sensory input	110	premotor-parietal
exec	R	PMd	5.50E-08	2.768834118	0.050851228	-1.000000825	sensory input	111	premotor-parietal
exec	R	PMd	0.007564021	4.161221038	0.127210518	-1.000002616	sensory input	112	premotor-parietal
exec	R	PMd	0.185907917	6.089032611	0.377035841	8.895507081	sensory input	113	premotor-parietal
exec	R	PMd	0.02776166	3.321216771	0.111573068	0.491878233	sensory input	114	premotor-parietal
exec	R	PMd	0.040623719	1.904047246	0.0995325	13.97729762	sensory input	115	premotor-parietal
exec	R	PMd	1.63E-08	3.860714166	0.03691645	-1.000000912	expectation	102	premotor-parietal
exec	R	PMd	1.95E-08	3.255317883	0.156206163	-1.000001334	expectation	103	premotor-parietal
exec	R	PMd	5.98E-09	2.686671825	0.092223408	-1.000001311	expectation	104	premotor-parietal
exec	R	PMd	2.09E-14	1.790718999	0.070931957	-1.000000001	expectation	105	premotor-parietal
exec	R	PMd	0.013279481	2.588411123	0.088969709	-0.151854844	expectation	106	premotor-parietal
exec	R	PMd	1.31E-07	2.496845247	0.080089665	-1.0000024	expectation	107	premotor-parietal
exec	R	PMd	3.49E-09	3.16745294	0.192286086	-1.000001154	expectation	108	premotor-parietal
exec	R	PMd	3.28E-08	4.405036916	0.236147123	-1.00000174	expectation	109	premotor-parietal
exec	R	PMd	1.92E-08	3.862436142	0.096003	-1.000004005	expectation	110	premotor-parietal
exec	R	PMd	6.75E-09	2.768834118	0.050851228	-1.00000374	expectation	111	premotor-parietal
exec	R	PMd	0.023570533	4.161221038	0.127210518	-0.656242348	expectation	112	premotor-parietal
exec	R	PMd	2.44E-26	6.089032611	0.377035841	-1	expectation	113	premotor-parietal
exec	R	PMd	2.61E-57	3.321216771	0.111573068	-1	expectation	114	premotor-parietal
exec	R	PMd	3.31E-07	1.904047246	0.0995325	-0.999998631	expectation	115	premotor-parietal
exec	R	PMd	0.036916408	3.860714166	0.03691645	0.598518686	surprise	102	premotor-parietal
exec	R	PMd	0.085679283	3.255317883	0.156206163	17.95801856	surprise	103	premotor-parietal
exec	R	PMd	0.092223298	2.686671825	0.092223408	31.31031863	surprise	104	premotor-parietal
exec	R	PMd	0.070931957	1.790718999	0.070931957	25.37547096	surprise	105	premotor-parietal
exec	R	PMd	0.075690228	2.588411123	0.088969709	19.90842277	surprise	106	premotor-parietal
exec	R	PMd	0.06058648	2.496845247	0.080089665	11.51955602	surprise	107	premotor-parietal
exec	R	PMd	0.192286067	3.16745294	0.192286086	67.2665905	surprise	108	premotor-parietal
exec	R	PMd	0.175032404	4.405036916	0.236147123	18.63255895	surprise	109	premotor-parietal
exec	R	PMd	0.096002962	3.862436142	0.096003	14.47467168	surprise	110	premotor-parietal
exec	R	PMd	0.050851166	2.768834118	0.050851228	11.01759474	surprise	111	premotor-parietal
exec	R	PMd	0.096075963	4.161221038	0.127210518	9.902168346	surprise	112	premotor-parietal
exec	R	PMd	0.191127924	6.089032611	0.377035841	9.400907502	surprise	113	premotor-parietal
exec	R	PMd	0.083811408	3.321216771	0.111573068	12.63102188	surprise	114	premotor-parietal
exec	R	PMd	0.05890845	1.904047246	0.0995325	28.22604085	surprise	115	premotor-parietal
exec	R	PMv	0.082166624	3.915920306	0.145747814	2.040618705	sensory input	102	premotor-parietal
exec	R	PMv	0.125604632	2.818705026	0.213544257	11.2783824	sensory input	103	premotor-parietal
exec	R	PMv	0	2.631209649	0.06886067	-1.000000353	sensory input	104	premotor-parietal
exec	R	PMv	5.70E-57	1.850448234	0.093742651	-1.000000013	sensory input	105	premotor-parietal
exec	R	PMv	3.82E-08	2.22473392	0.042030968	-1.000002453	sensory input	106	premotor-parietal
exec	R	PMv	0.029576616	2.683239136	0.092739185	0.489452797	sensory input	107	premotor-parietal
exec	R	PMv	0	2.908999739	0.223005486	-1.000017001	sensory input	108	premotor-parietal
exec	R	PMv	0.055751887	3.404406933	0.113212081	0.05445819	sensory input	109	premotor-parietal
exec	R	PMv	5.19E-08	3.337881355	0.061127729	-1.000001332	sensory input	110	premotor-parietal
exec	R	PMv	0.001081282	2.707963865	0.093471006	-0.997912401	sensory input	111	premotor-parietal
exec	R	PMv	2.40E-08	3.163212074	0.114512923	-0.999974692	sensory input	112	premotor-parietal
exec	R	PMv	0.104801813	3.852059761	0.176827765	0.787695375	sensory input	113	premotor-parietal
exec	R	PMv	0.000734109	3.058725023	0.08125584	-0.999236088	sensory input	114	premotor-parietal
exec	R	PMv	0.107997098	1.73896446	0.201653895	29.78289154	sensory input	115	premotor-parietal
exec	R	PMv	1.93E-08	3.915920306	0.145747814	-1.000000864	expectation	102	premotor-parietal
exec	R	PMv	2.69E-13	2.818705026	0.213544257	-1.000003648	expectation	103	premotor-parietal
exec	R	PMv	1.92E-12	2.631209649	0.06886067	-1.000001785	expectation	104	premotor-parietal
exec	R	PMv	7.27E-13	1.850448234	0.093742651	-1.000000012	expectation	105	premotor-parietal
exec	R	PMv	4.66E-08	2.22473392	0.042030968	-1.00000095	expectation	106	premotor-parietal
exec	R	PMv	5.93E-19	2.683239136	0.092739185	-0.999999082	expectation	107	premotor-parietal
exec	R	PMv	2.32E-296	2.908999739	0.223005486	-1.000016923	expectation	108	premotor-parietal
exec	R	PMv	4.63E-08	3.404406933	0.113212081	-1.000000726	expectation	109	premotor-parietal
exec	R	PMv	3.44E-08	3.337881355	0.061127729	-1.00000448	expectation	110	premotor-parietal
exec	R	PMv	1.79E-08	2.707963865	0.093471006	-0.999999723	expectation	111	premotor-parietal
exec	R	PMv	5.53E-08	3.163212074	0.114512923	-0.999977863	expectation	112	premotor-parietal
exec	R	PMv	3.12E-15	3.852059761	0.176827765	-1.00000082	expectation	113	premotor-parietal
exec	R	PMv	2.59E-20	3.058725023	0.08125584	-0.99999732	expectation	114	premotor-parietal
exec	R	PMv	1.58E-11	1.73896446	0.201653895	-1	expectation	115	premotor-parietal
exec	R	PMv	0.063581171	3.915920306	0.145747814	0.884216168	surprise	102	premotor-parietal
exec	R	PMv	0.087939625	2.818705026	0.213544257	5.056231581	surprise	103	premotor-parietal
exec	R	PMv	0.06886067	2.631209649	0.06886067	5.19130597	surprise	104	premotor-parietal
exec	R	PMv	0.093742651	1.850448234	0.093742651	20.16422013	surprise	105	premotor-parietal
exec	R	PMv	0.042030883	2.22473392	0.042030968	3.209866315	surprise	106	premotor-parietal
exec	R	PMv	0.063162569	2.683239136	0.092739185	4.902683251	surprise	107	premotor-parietal
exec	R	PMv	0.223005486	2.908999739	0.223005486	30.89224699	surprise	108	premotor-parietal
exec	R	PMv	0.057460148	3.404406933	0.113212081	0.124006603	surprise	109	premotor-parietal
exec	R	PMv	0.061127642	3.337881355	0.061127729	2.92497424	surprise	110	premotor-parietal
exec	R	PMv	0.092389706	2.707963865	0.093471006	10.74648301	surprise	111	premotor-parietal
exec	R	PMv	0.114512844	3.163212074	0.114512923	11.55335548	surprise	112	premotor-parietal
exec	R	PMv	0.072025952	3.852059761	0.176827765	-0.279897723	surprise	113	premotor-parietal
exec	R	PMv	0.080521731	3.058725023	0.08125584	6.784366933	surprise	114	premotor-parietal
exec	R	PMv	0.093656797	1.73896446	0.201653895	23.45909194	surprise	115	premotor-parietal
exec	R	M1	0.093316982	3.507687338	0.208094693	1.990822383	sensory input	102	M1-S1
exec	R	M1	0.172192312	2.610753037	0.232610735	35.44753188	sensory input	103	M1-S1
exec	R	M1	0.048640193	2.313266827	0.11374201	1.473390377	sensory input	104	M1-S1
exec	R	M1	6.73E-08	1.73113915	0.025598014	-1.00000291	sensory input	105	M1-S1
exec	R	M1	5.64E-08	2.222428331	0.026311675	-1.00000161	sensory input	106	M1-S1
exec	R	M1	0.084801115	2.182436252	0.134878087	7.456586939	sensory input	107	M1-S1
exec	R	M1	0	2.54038525	0.207090684	-1	sensory input	108	M1-S1
exec	R	M1	0.133466784	2.875354186	0.228394137	6.484614684	sensory input	109	M1-S1
exec	R	M1	2.87E-08	3.167703141	0.098891799	-1.0000024	sensory input	110	M1-S1
exec	R	M1	1.94E-08	2.49227913	0.058241029	-1.000002414	sensory input	111	M1-S1
exec	R	M1	0.239998383	3.174347024	0.396880987	38.21776937	sensory input	112	M1-S1
exec	R	M1	0.202989785	3.712469695	0.375253977	5.949403593	sensory input	113	M1-S1
exec	R	M1	0.025514326	2.639774843	0.092402226	0.020609183	sensory input	114	M1-S1
exec	R	M1	0.025719045	1.44174384	0.096474559	1.714972915	sensory input	115	M1-S1
exec	R	M1	4.84E-22	3.507687338	0.208094693	-1	expectation	102	M1-S1
exec	R	M1	8.70E-08	2.610753037	0.232610735	-1.000002056	expectation	103	M1-S1
exec	R	M1	3.18E-08	2.313266827	0.11374201	-1.000002001	expectation	104	M1-S1
exec	R	M1	3.50E-08	1.73113915	0.025598014	-1.000004964	expectation	105	M1-S1
exec	R	M1	1.47E-06	2.222428331	0.026311675	-1.00000125	expectation	106	M1-S1
exec	R	M1	2.98E-07	2.182436252	0.134878087	-1.000001453	expectation	107	M1-S1
exec	R	M1	3.06E-24	2.54038525	0.207090684	-1	expectation	108	M1-S1
exec	R	M1	0.021857106	2.875354186	0.228394137	-0.790218118	expectation	109	M1-S1
exec	R	M1	3.84E-08	3.167703141	0.098891799	-1.000003715	expectation	110	M1-S1
exec	R	M1	3.44E-09	2.49227913	0.058241029	-1.00000091	expectation	111	M1-S1
exec	R	M1	0.06967353	3.174347024	0.396880987	3.494077913	expectation	112	M1-S1
exec	R	M1	0.032617945	3.712469695	0.375253977	-0.813867798	expectation	113	M1-S1
exec	R	M1	3.31E-08	2.639774843	0.092402226	-1.000003316	expectation	114	M1-S1
exec	R	M1	0.004571602	1.44174384	0.096474559	-0.912775087	expectation	115	M1-S1
exec	R	M1	0.114777711	3.507687338	0.208094693	3.309163018	surprise	102	M1-S1
exec	R	M1	0.060418336	2.610753037	0.232610735	5.247707879	surprise	103	M1-S1
exec	R	M1	0.065101786	2.313266827	0.11374201	3.495332097	surprise	104	M1-S1
exec	R	M1	0.025597911	1.73113915	0.025598014	0.856088667	surprise	105	M1-S1
exec	R	M1	0.026310148	2.222428331	0.026311675	0.273485515	surprise	106	M1-S1
exec	R	M1	0.050076675	2.182436252	0.134878087	1.687481798	surprise	107	M1-S1
exec	R	M1	0.207090684	2.54038525	0.207090684	24.40743713	surprise	108	M1-S1
exec	R	M1	0.073070248	2.875354186	0.228394137	1.600717259	surprise	109	M1-S1
exec	R	M1	0.098891732	3.167703141	0.098891799	5.615532343	surprise	110	M1-S1
exec	R	M1	0.058241007	2.49227913	0.058241029	5.544576767	surprise	111	M1-S1
exec	R	M1	0.087209074	3.174347024	0.396880987	6.798569473	surprise	112	M1-S1
exec	R	M1	0.139646247	3.712469695	0.375253977	2.662505999	surprise	113	M1-S1
exec	R	M1	0.066887867	2.639774843	0.092402226	4.868610006	surprise	114	M1-S1
exec	R	M1	0.066183912	1.44174384	0.096474559	13.99309347	surprise	115	M1-S1
exec	R	S1	0.040617285	3.729162301	0.122130208	0.207896265	sensory input	102	M1-S1
exec	R	S1	0.12441045	3.260587573	0.188433783	25.38128878	sensory input	103	M1-S1
exec	R	S1	0.008282016	2.531545829	0.071581323	-0.896331909	sensory input	104	M1-S1
exec	R	S1	5.84E-97	1.776520363	0.059516021	-0.999993319	sensory input	105	M1-S1
exec	R	S1	4.93E-09	2.569394996	0.069602655	-0.999974077	sensory input	106	M1-S1
exec	R	S1	0.000221365	2.490120062	0.071064926	-0.999807501	sensory input	107	M1-S1
exec	R	S1	0.000127546	3.107887151	0.251140628	-0.999946059	sensory input	108	M1-S1
exec	R	S1	0.070471727	4.014335522	0.20011015	1.324539128	sensory input	109	M1-S1
exec	R	S1	7.81E-09	3.748040026	0.060959715	-1.000004642	sensory input	110	M1-S1
exec	R	S1	1.85E-08	2.514027337	0.091008337	-0.999974115	sensory input	111	M1-S1
exec	R	S1	0.109225029	3.686294604	0.25784875	13.96176383	sensory input	112	M1-S1
exec	R	S1	0.257642965	4.548086347	0.407194643	15.69859581	sensory input	113	M1-S1
exec	R	S1	0.019481362	3.052140531	0.125957345	-0.755547615	sensory input	114	M1-S1
exec	R	S1	0.01576519	1.690261791	0.087099035	1.026983047	sensory input	115	M1-S1
exec	R	S1	2.06E-08	3.729162301	0.122130208	-0.999999908	expectation	102	M1-S1
exec	R	S1	2.49E-08	3.260587573	0.188433783	-0.999999765	expectation	103	M1-S1
exec	R	S1	2.97E-08	2.531545829	0.071581323	-1.000002409	expectation	104	M1-S1
exec	R	S1	1.32E-83	1.776520363	0.059516021	-1.000026975	expectation	105	M1-S1
exec	R	S1	1.44E-08	2.569394996	0.069602655	-0.999977233	expectation	106	M1-S1
exec	R	S1	6.31E-17	2.490120062	0.071064926	-1.000000078	expectation	107	M1-S1
exec	R	S1	2.72E-22	3.107887151	0.251140628	-0.999976389	expectation	108	M1-S1
exec	R	S1	7.66E-08	4.014335522	0.20011015	-1.000029803	expectation	109	M1-S1
exec	R	S1	1.21E-08	3.748040026	0.060959715	-1.000002082	expectation	110	M1-S1
exec	R	S1	2.06E-09	2.514027337	0.091008337	-0.999974194	expectation	111	M1-S1
exec	R	S1	0.025163968	3.686294604	0.25784875	0.046775305	expectation	112	M1-S1
exec	R	S1	1.97E-06	4.548086347	0.407194643	-0.999999981	expectation	113	M1-S1
exec	R	S1	0.033786275	3.052140531	0.125957345	0.260079758	expectation	114	M1-S1
exec	R	S1	1.17E-07	1.690261791	0.087099035	-0.99997744	expectation	115	M1-S1
exec	R	S1	0.081512903	3.729162301	0.122130208	3.287985762	surprise	102	M1-S1
exec	R	S1	0.064023308	3.260587573	0.188433783	7.092613347	surprise	103	M1-S1
exec	R	S1	0.063299277	2.531545829	0.071581323	9.135966983	surprise	104	M1-S1
exec	R	S1	0.059516021	1.776520363	0.059516021	12.80797629	surprise	105	M1-S1
exec	R	S1	0.069602636	2.569394996	0.069602655	14.15640519	surprise	106	M1-S1
exec	R	S1	0.070843562	2.490120062	0.071064926	17.68931801	surprise	107	M1-S1
exec	R	S1	0.251013082	3.107887151	0.251140628	82.43703539	surprise	108	M1-S1
exec	R	S1	0.129638347	4.014335522	0.20011015	6.923563021	surprise	109	M1-S1
exec	R	S1	0.060959696	3.748040026	0.060959715	5.489730487	surprise	110	M1-S1
exec	R	S1	0.091008316	2.514027337	0.091008337	26.76384337	surprise	111	M1-S1
exec	R	S1	0.123459753	3.686294604	0.25784875	18.65153317	surprise	112	M1-S1
exec	R	S1	0.149549705	4.548086347	0.407194643	5.397279688	surprise	113	M1-S1
exec	R	S1	0.072689708	3.052140531	0.125957345	6.522609561	surprise	114	M1-S1
exec	R	S1	0.071333728	1.690261791	0.087099035	29.88956971	surprise	115	M1-S1
exec	R	SPLa	4.57E-07	3.287472182	0.064493941	-1.000001083	sensory input	102	
exec	R	SPLa	0.09021116	3.026691899	0.160475941	13.70908017	sensory input	103	
exec	R	SPLa	3.87E-08	2.441470889	0.080001396	-0.999975816	sensory input	104	
exec	R	SPLa	1.31E-32	1.645133965	0.066383615	-1	sensory input	105	
exec	R	SPLa	0.016101101	2.517271345	0.088940746	-0.148635428	sensory input	106	
exec	R	SPLa	0.026636761	2.380330819	0.087233958	0.764999091	sensory input	107	
exec	R	SPLa	9.07E-09	3.014703396	0.212023445	-0.999975372	sensory input	108	
exec	R	SPLa	0.020390716	3.609780644	0.166356888	-0.81143347	sensory input	109	
exec	R	SPLa	0.018293421	3.589895978	0.140865162	-0.95121895	sensory input	110	
exec	R	SPLa	5.66E-09	2.525351001	0.072454614	-0.999975424	sensory input	111	
exec	R	SPLa	2.06E-31	3.691091674	0.156243575	-1	sensory input	112	
exec	R	SPLa	0.136824505	4.602050298	0.320675481	3.424407998	sensory input	113	
exec	R	SPLa	3.52E-20	2.987417992	0.077820071	-1.000000073	sensory input	114	
exec	R	SPLa	2.55E-304	1.53646745	0.090617846	-0.999999996	sensory input	115	
exec	R	SPLa	1.78E-08	3.287472182	0.064493941	-1.000002922	expectation	102	
exec	R	SPLa	1.28E-07	3.026691899	0.160475941	-1.000000846	expectation	103	
exec	R	SPLa	7.53E-09	2.441470889	0.080001396	-0.999977846	expectation	104	
exec	R	SPLa	9.55E-13	1.645133965	0.066383615	-1	expectation	105	
exec	R	SPLa	4.82E-08	2.517271345	0.088940746	-1.000002222	expectation	106	
exec	R	SPLa	2.45E-07	2.380330819	0.087233958	-1.000012261	expectation	107	
exec	R	SPLa	1.32E-08	3.014703396	0.212023445	-0.9999772	expectation	108	
exec	R	SPLa	5.23E-12	3.609780644	0.166356888	-1	expectation	109	
exec	R	SPLa	1.06E-237	3.589895978	0.140865162	-1.000026342	expectation	110	
exec	R	SPLa	2.24E-09	2.525351001	0.072454614	-0.999977031	expectation	111	
exec	R	SPLa	0	3.691091674	0.156243575	-1	expectation	112	
exec	R	SPLa	5.54E-08	4.602050298	0.320675481	-1.000003285	expectation	113	
exec	R	SPLa	1.75E-151	2.987417992	0.077820071	-1.000000003	expectation	114	
exec	R	SPLa	1.21E-150	1.53646745	0.090617846	-0.999999996	expectation	115	
exec	R	SPLa	0.064493466	3.287472182	0.064493941	3.634099073	surprise	102	
exec	R	SPLa	0.070264653	3.026691899	0.160475941	8.473823327	surprise	103	
exec	R	SPLa	0.08000135	2.441470889	0.080001396	17.58870508	surprise	104	
exec	R	SPLa	0.066383615	1.645133965	0.066383615	18.26877272	surprise	105	
exec	R	SPLa	0.072839597	2.517271345	0.088940746	12.8054052	surprise	106	
exec	R	SPLa	0.060596953	2.380330819	0.087233958	8.09662046	surprise	107	
exec	R	SPLa	0.212023423	3.014703396	0.212023445	72.00778711	surprise	108	
exec	R	SPLa	0.145966172	3.609780644	0.166356888	10.93366107	surprise	109	
exec	R	SPLa	0.122571741	3.589895978	0.140865162	11.17921117	surprise	110	
exec	R	SPLa	0.072454606	2.525351001	0.072454614	15.49442083	surprise	111	
exec	R	SPLa	0.156243575	3.691091674	0.156243575	32.45165418	surprise	112	
exec	R	SPLa	0.18385092	4.602050298	0.320675481	6.881338973	surprise	113	
exec	R	SPLa	0.077820071	2.987417992	0.077820071	10.59817558	surprise	114	
exec	R	SPLa	0.090617846	1.53646745	0.090617846	35.57034565	surprise	115	
exec	R	SPLp	0.006206822	3.511935962	0.079900428	-0.953769422	sensory input	102	
exec	R	SPLp	0.039692715	3.137287746	0.132434474	2.65645488	sensory input	103	
exec	R	SPLp	1.87E-17	2.606074169	0.106711122	-1	sensory input	104	
exec	R	SPLp	0.014712932	1.702991684	0.089611741	-0.121541672	sensory input	105	
exec	R	SPLp	4.25E-08	2.525994699	0.066579647	-0.999977302	sensory input	106	
exec	R	SPLp	0.015730401	2.601402982	0.08956268	-0.761932174	sensory input	107	
exec	R	SPLp	1.23E-30	3.0131315	0.256223944	-1	sensory input	108	
exec	R	SPLp	7.21E-08	3.730294962	0.103816854	-1.000003773	sensory input	109	
exec	R	SPLp	2.34E-160	4.264566221	0.123733664	-0.999999823	sensory input	110	
exec	R	SPLp	2.64E-08	2.444023126	0.086420748	-1.000000973	sensory input	111	
exec	R	SPLp	0.004105775	4.044260442	0.191909828	-0.970671577	sensory input	112	
exec	R	SPLp	5.15E-209	4.797495114	0.255691894	-1	sensory input	113	
exec	R	SPLp	0.003976774	3.325919342	0.115463624	-1.000009508	sensory input	114	
exec	R	SPLp	0.037893219	1.835285269	0.124129361	8.478505384	sensory input	115	
exec	R	SPLp	1.91E-08	3.511935962	0.079900428	-1.000001879	expectation	102	
exec	R	SPLp	2.90E-08	3.137287746	0.132434474	-1.000003668	expectation	103	
exec	R	SPLp	5.06E-17	2.606074169	0.106711122	-1	expectation	104	
exec	R	SPLp	9.45E-13	1.702991684	0.089611741	-1	expectation	105	
exec	R	SPLp	3.33E-08	2.525994699	0.066579647	-0.999977898	expectation	106	
exec	R	SPLp	9.00E-17	2.601402982	0.08956268	-1.000000015	expectation	107	
exec	R	SPLp	4.16E-20	3.0131315	0.256223944	-1	expectation	108	
exec	R	SPLp	1.97E-08	3.730294962	0.103816854	-1.000002407	expectation	109	
exec	R	SPLp	2.20E-12	4.264566221	0.123733664	-1.000002771	expectation	110	
exec	R	SPLp	2.01E-09	2.444023126	0.086420748	-1.000001073	expectation	111	
exec	R	SPLp	0	4.044260442	0.191909828	-1.000000001	expectation	112	
exec	R	SPLp	9.14E-41	4.797495114	0.255691894	-1	expectation	113	
exec	R	SPLp	0.011550653	3.325919342	0.115463624	-0.882477768	expectation	114	
exec	R	SPLp	0.010624845	1.835285269	0.124129361	-0.205718433	expectation	115	
exec	R	SPLp	0.073693587	3.511935962	0.079900428	4.678198823	surprise	102	
exec	R	SPLp	0.09274173	3.137287746	0.132434474	15.35508736	surprise	103	
exec	R	SPLp	0.106711122	2.606074169	0.106711122	33.44803188	surprise	104	
exec	R	SPLp	0.074898809	1.702991684	0.089611741	28.42900956	surprise	105	
exec	R	SPLp	0.066579571	2.525994699	0.066579647	14.66619123	surprise	106	
exec	R	SPLp	0.073832278	2.601402982	0.08956268	10.83508818	surprise	107	
exec	R	SPLp	0.256223944	3.0131315	0.256223944	103.2149649	surprise	108	
exec	R	SPLp	0.103816762	3.730294962	0.103816854	7.686837085	surprise	109	
exec	R	SPLp	0.123733664	4.264566221	0.123733664	17.86811444	surprise	110	
exec	R	SPLp	0.08642072	2.444023126	0.086420748	23.77209428	surprise	111	
exec	R	SPLp	0.187804053	4.044260442	0.191909828	43.11737406	surprise	112	
exec	R	SPLp	0.255691894	4.797495114	0.255691894	21.06071485	surprise	113	
exec	R	SPLp	0.099936196	3.325919342	0.115463624	15.75049173	surprise	114	
exec	R	SPLp	0.075611297	1.835285269	0.124129361	31.0499591	surprise	115	