con	psc	condition	sn	roi	Hem	epoch
1.4762027953870787	0.15505277854504537	100-0%	102	SMA	L	plan
-8.6393594145345	-0.7883713213796608	75-25%	102	SMA	L	plan
-1.9753777856198258	-0.17252768721769068	50-50%	102	SMA	L	plan
-1.4273612242383071	-0.16087209860881632	25-75%	102	SMA	L	plan
-1.8666980486267652	-0.15037384048459818	0-100%	102	SMA	L	plan
5.311140333240231	0.5535866125707651	plan	102	SMA	L	plan
-6.2742781144399675	-0.35143500694569324	exec	102	SMA	L	plan
5.057030855024045	0.45606752641253345	100-0%	102	PMd	L	plan
-7.171906963706279	-0.6260027974144813	75-25%	102	PMd	L	plan
-2.0431059674413192	-0.14633512613166424	50-50%	102	PMd	L	plan
-4.091827121072567	-0.35868857697328077	25-75%	102	PMd	L	plan
-2.6144904520083627	-0.2343010820213441	0-100%	102	PMd	L	plan
4.077279669256463	0.3873632834925347	plan	102	PMd	L	plan
-0.9743663674671744	-0.08584963060365973	exec	102	PMd	L	plan
6.5936136957193385	0.6740907712766446	100-0%	102	PMv	L	plan
-1.1640894411845932	-0.14653548579338158	75-25%	102	PMv	L	plan
2.709270589358688	0.29276372229640035	50-50%	102	PMv	L	plan
2.3365147001538893	0.23845007521995568	25-75%	102	PMv	L	plan
-0.8229839645168225	-0.125643308435083	0-100%	102	PMv	L	plan
10.977548400991685	1.2282936801649305	plan	102	PMv	L	plan
-14.113886175931993	-0.8290758504058043	exec	102	PMv	L	plan
6.1931700608969225	0.5959767364072494	100-0%	102	M1	L	plan
-10.17601410523514	-0.9034892395657729	75-25%	102	M1	L	plan
-5.62393063505643	-0.45672826093606317	50-50%	102	M1	L	plan
-3.4676257911802923	-0.29379701533722397	25-75%	102	M1	L	plan
-2.6849836580196285	-0.23366803359735475	0-100%	102	M1	L	plan
9.838497565461205	0.9405396720223083	plan	102	M1	L	plan
-4.762215287178938	-0.250894255538572	exec	102	M1	L	plan
3.880202553639433	0.36009410456099067	100-0%	102	S1	L	plan
-10.498192934067067	-0.8931592965512607	75-25%	102	S1	L	plan
-9.11419866666517	-0.7330515438499486	50-50%	102	S1	L	plan
-3.719927937860983	-0.3151321768858961	25-75%	102	S1	L	plan
-4.324950687639207	-0.3376029022036667	0-100%	102	S1	L	plan
16.832435835672328	1.5039725831550481	plan	102	S1	L	plan
-2.369333422189927	-0.10716670354811858	exec	102	S1	L	plan
5.548448607903354	0.46498729028694685	100-0%	102	SPLa	L	plan
-4.384810147834878	-0.36169224606738204	75-25%	102	SPLa	L	plan
-1.6597037042079328	-0.12588703673836604	50-50%	102	SPLa	L	plan
1.5329950130512926	0.1233427223745895	25-75%	102	SPLa	L	plan
0.6318368776619029	0.04664599719040767	0-100%	102	SPLa	L	plan
7.3571549885127006	0.6614382753921609	plan	102	SPLa	L	plan
-1.4395242049986003	-0.10317508484312922	exec	102	SPLa	L	plan
2.9765777683846997	0.24607176626390448	100-0%	102	SPLp	L	plan
-7.305492036387299	-0.5333562975714429	75-25%	102	SPLp	L	plan
-2.626649937825674	-0.17394926280504902	50-50%	102	SPLp	L	plan
-2.411206400285283	-0.19537603182382524	25-75%	102	SPLp	L	plan
1.9676397866117283	0.134140621281975	0-100%	102	SPLp	L	plan
5.553029361534769	0.45549667225077906	plan	102	SPLp	L	plan
-2.3443118143426904	-0.10530667961148438	exec	102	SPLp	L	plan
3.1129567158368703	0.33408656451058916	100-0%	102	SMA	R	plan
-8.414982554405196	-0.7804612911802369	75-25%	102	SMA	R	plan
-0.6365370524500197	-0.04240365405256349	50-50%	102	SMA	R	plan
0.2332181657964477	0.00684931544089989	25-75%	102	SMA	R	plan
0.06780472437322217	0.016975386137289956	0-100%	102	SMA	R	plan
7.534361054178659	0.7658405432759885	plan	102	SMA	R	plan
-4.611810336031627	-0.27247430686899243	exec	102	SMA	R	plan
0.9331590286196884	0.10353149250796007	100-0%	102	PMd	R	plan
-3.506617019809883	-0.35970939028946175	75-25%	102	PMd	R	plan
-0.10762679062556321	-0.023412136644878023	50-50%	102	PMd	R	plan
1.4582631047012509	0.17128242359712292	25-75%	102	PMd	R	plan
1.7303633358165675	0.17989658234818803	0-100%	102	PMd	R	plan
2.251558297572915	0.28575261728548573	plan	102	PMd	R	plan
1.848623173582222	0.057497796824420765	exec	102	PMd	R	plan
3.084189428751212	0.3290475334598203	100-0%	102	PMv	R	plan
-0.599680954360392	-0.08815642557756016	75-25%	102	PMv	R	plan
-1.3727990387089224	-0.157080710664241	50-50%	102	PMv	R	plan
4.477681472578431	0.5079004806191237	25-75%	102	PMv	R	plan
1.2672317485766582	0.11055966156400797	0-100%	102	PMv	R	plan
6.6634788074163325	0.8049996156129643	plan	102	PMv	R	plan
-7.447018343198347	-0.44480433401679903	exec	102	PMv	R	plan
3.2839410554345063	0.3284436738101493	100-0%	102	M1	R	plan
-7.863918234535107	-0.7533733046894734	75-25%	102	M1	R	plan
-5.379077647026719	-0.5018804576406937	50-50%	102	M1	R	plan
-0.9443101548203607	-0.08796264713107631	25-75%	102	M1	R	plan
-2.9447961213021743	-0.29059611225341697	0-100%	102	M1	R	plan
1.4364782214528178	0.19800031660295023	plan	102	M1	R	plan
-7.135122930567439	-0.40480606426007865	exec	102	M1	R	plan
4.5018495299262815	0.43159678150786046	100-0%	102	S1	R	plan
-5.210507808379801	-0.4782832093820426	75-25%	102	S1	R	plan
-3.355178816527202	-0.30167183102127965	50-50%	102	S1	R	plan
-1.3208689175371187	-0.14009872488610814	25-75%	102	S1	R	plan
-3.990280588584571	-0.35439434058488445	0-100%	102	S1	R	plan
-0.015148107363060761	-0.02033518235391826	plan	102	S1	R	plan
-4.372588983627568	-0.2039999591840772	exec	102	S1	R	plan
3.1636399264592807	0.26131379149790684	100-0%	102	SPLa	R	plan
-4.390423582034259	-0.38180542216774377	75-25%	102	SPLa	R	plan
-0.68287248868624	-0.057300230172912824	50-50%	102	SPLa	R	plan
0.055122925818890015	-0.031925793743578706	25-75%	102	SPLa	R	plan
-0.8551027606440103	-0.08582940401796126	0-100%	102	SPLa	R	plan
6.498083548662525	0.5800541306914914	plan	102	SPLa	R	plan
-12.441539396972566	-0.5703682193775443	exec	102	SPLa	R	plan
7.611495721079756	0.6834888245784086	100-0%	102	SPLp	R	plan
-3.0562346960112623	-0.29118064999478593	75-25%	102	SPLp	R	plan
-3.401438317260673	-0.30880229634468087	50-50%	102	SPLp	R	plan
5.661368583202855	0.44802442145002375	25-75%	102	SPLp	R	plan
2.3969001848416283	0.16081436833708684	0-100%	102	SPLp	R	plan
11.155949277539412	1.0467129881374284	plan	102	SPLp	R	plan
-12.284641973081024	-0.5840371045662476	exec	102	SPLp	R	plan
-0.0018933971580791186	0.005391250796768522	100-0%	103	SMA	L	plan
0.15496050270206957	0.029845626479160624	75-25%	103	SMA	L	plan
-0.20748428982312242	-0.01245709465892357	50-50%	103	SMA	L	plan
1.0964079251602652	0.20082015170763437	25-75%	103	SMA	L	plan
0.5573412617320667	0.09193183502844389	0-100%	103	SMA	L	plan
0.6260187347632754	0.12318258880082159	plan	103	SMA	L	plan
3.5244287110393846	0.27874644283143557	exec	103	SMA	L	plan
1.0252390817642725	0.15491138289326864	100-0%	103	PMd	L	plan
1.3957953691046903	0.21201879032601278	75-25%	103	PMd	L	plan
1.2506634122461662	0.1903057967752813	50-50%	103	PMd	L	plan
2.8448688601509486	0.44160241985788173	25-75%	103	PMd	L	plan
1.6517472685739885	0.2492282731987977	0-100%	103	PMd	L	plan
2.5975833237942623	0.3925262186518309	plan	103	PMd	L	plan
2.9053314547277873	0.22612456118328794	exec	103	PMd	L	plan
-1.5734578278659672	-0.21567350219433698	100-0%	103	PMv	L	plan
-1.6553839586658634	-0.22814292076830908	75-25%	103	PMv	L	plan
-1.9420161681429757	-0.2623284520568506	50-50%	103	PMv	L	plan
-1.0826020661330022	-0.13174867610648253	25-75%	103	PMv	L	plan
-1.6686306013589651	-0.2337838308597382	0-100%	103	PMv	L	plan
-1.874259405226825	-0.261075016033841	plan	103	PMv	L	plan
5.832349493012155	0.5004701729934862	exec	103	PMv	L	plan
-1.8200430704443566	-0.3261065705027034	100-0%	103	M1	L	plan
-0.6886146915222663	-0.12131262984998556	75-25%	103	M1	L	plan
-1.6803255886219737	-0.2854883244821751	50-50%	103	M1	L	plan
-0.2704288757064624	-0.030296659369869576	25-75%	103	M1	L	plan
-0.4785949387995929	-0.08403724991957963	0-100%	103	M1	L	plan
-0.9295468957586361	-0.151747426117407	plan	103	M1	L	plan
9.417302579545517	0.8101429078521442	exec	103	M1	L	plan
-3.147232868735372	-0.48217270284541985	100-0%	103	S1	L	plan
-2.792141886347084	-0.41391832053167366	75-25%	103	S1	L	plan
-3.1512636158734293	-0.4775339517152025	50-50%	103	S1	L	plan
-2.0761826403502157	-0.30227817141353186	25-75%	103	S1	L	plan
-2.9585259829451216	-0.4444202526201345	0-100%	103	S1	L	plan
-3.4671729170133907	-0.5622887731077462	plan	103	S1	L	plan
16.77777218882425	1.339719461944265	exec	103	S1	L	plan
0.05402426000855209	0.007426180875371008	100-0%	103	SPLa	L	plan
0.3449837189533146	0.05741451943437533	75-25%	103	SPLa	L	plan
0.5176016494274188	0.08576542902621694	50-50%	103	SPLa	L	plan
1.6653418306065844	0.2586182835704416	25-75%	103	SPLa	L	plan
0.2511405205821776	0.03850542245634252	0-100%	103	SPLa	L	plan
0.11095512772298169	0.01675612250986406	plan	103	SPLa	L	plan
5.376480562399281	0.40957024533051845	exec	103	SPLa	L	plan
-0.04159207247549865	-0.013204275458990136	100-0%	103	SPLp	L	plan
-0.19231240766960514	-0.03273442561349631	75-25%	103	SPLp	L	plan
1.0721760292275548	0.1879943347796018	50-50%	103	SPLp	L	plan
0.68355543759471	0.12575387978433042	25-75%	103	SPLp	L	plan
-0.3563414440071517	-0.06274341804353013	0-100%	103	SPLp	L	plan
-0.5324379555856492	-0.12365170441868409	plan	103	SPLp	L	plan
6.997048150530735	0.6389760988992695	exec	103	SPLp	L	plan
0.2952142006833235	0.09176746789655038	100-0%	103	SMA	R	plan
0.8360638361366401	0.19364552127036813	75-25%	103	SMA	R	plan
0.3598107528802136	0.1095291046663348	50-50%	103	SMA	R	plan
0.6717416403005863	0.16577057679215895	25-75%	103	SMA	R	plan
1.2698540345206857	0.26335049696362994	0-100%	103	SMA	R	plan
0.9537382074931219	0.18394572482140764	plan	103	SMA	R	plan
6.14236257922675	0.5757833686141811	exec	103	SMA	R	plan
-0.6204051275172845	-0.12362328310664711	100-0%	103	PMd	R	plan
0.026957349922897705	-0.009123595516818265	75-25%	103	PMd	R	plan
-0.11970041298492422	-0.023808907854605255	50-50%	103	PMd	R	plan
0.8160286264643709	0.14615985069053716	25-75%	103	PMd	R	plan
-0.11613547995303433	-0.032213433437356526	0-100%	103	PMd	R	plan
1.6713046811310102	0.25404496726501324	plan	103	PMd	R	plan
0.44025584547417174	0.06781819878837113	exec	103	PMd	R	plan
-3.037925332727369	-0.39451934437931324	100-0%	103	PMv	R	plan
-2.449702838249135	-0.33796684807783184	75-25%	103	PMv	R	plan
-2.092065335760477	-0.26508237591781564	50-50%	103	PMv	R	plan
-2.8414498468309395	-0.4005496822979434	25-75%	103	PMv	R	plan
-2.727864362704124	-0.3549620347390402	0-100%	103	PMv	R	plan
0.16279334195941272	-0.03886443913911029	plan	103	PMv	R	plan
0.8965166239585314	0.13059024362906163	exec	103	PMv	R	plan
-2.6611245399361234	-0.4380326832887595	100-0%	103	M1	R	plan
-1.234763730414367	-0.18402876446423866	75-25%	103	M1	R	plan
-1.9357446780752228	-0.3150509468122028	50-50%	103	M1	R	plan
-1.14903485926376	-0.17221048545790205	25-75%	103	M1	R	plan
-1.38018718800521	-0.217582640179055	0-100%	103	M1	R	plan
-0.8417886549613668	-0.08447527383606834	plan	103	M1	R	plan
2.3461395259946585	0.1669793716358507	exec	103	M1	R	plan
-4.631713516551806	-0.6993540169860686	100-0%	103	S1	R	plan
-4.0281108409664865	-0.6029038397948694	75-25%	103	S1	R	plan
-3.564414100735137	-0.5270475225117528	50-50%	103	S1	R	plan
-3.477748416575896	-0.522224475355929	25-75%	103	S1	R	plan
-4.165641368162251	-0.6333184733536332	0-100%	103	S1	R	plan
-1.2290781535347794	-0.17937598175419994	plan	103	S1	R	plan
0.5559082119431138	0.0357649421395553	exec	103	S1	R	plan
-1.6055582169891824	-0.21828674919821692	100-0%	103	SPLa	R	plan
-0.9253438631221386	-0.11968126571964788	75-25%	103	SPLa	R	plan
-0.612890075432654	-0.07151739617670344	50-50%	103	SPLa	R	plan
0.238022018311694	0.05137230712474747	25-75%	103	SPLa	R	plan
-0.4851842523664591	-0.05494153166425118	0-100%	103	SPLa	R	plan
-0.8981834467797661	-0.13909946839811882	plan	103	SPLa	R	plan
3.135896257860797	0.24526265165166367	exec	103	SPLa	R	plan
-2.3216723740956904	-0.44180067677385765	100-0%	103	SPLp	R	plan
-2.0093291607030173	-0.37416784897942945	75-25%	103	SPLp	R	plan
-0.5183607107420548	-0.09405580564144646	50-50%	103	SPLp	R	plan
0.2527113516944833	0.03466254795748436	25-75%	103	SPLp	R	plan
-1.009076538284752	-0.2060654970589706	0-100%	103	SPLp	R	plan
-2.4384929603393113	-0.4426098033853621	plan	103	SPLp	R	plan
5.675761694319155	0.5164486149783993	exec	103	SPLp	R	plan
0.531634829044342	0.11767746066365257	100-0%	104	SMA	L	plan
0.7633842001329841	0.18522507417624418	75-25%	104	SMA	L	plan
0.7092665944373501	0.16526351391504118	50-50%	104	SMA	L	plan
0.4593369483947754	0.10692242598507021	25-75%	104	SMA	L	plan
0.9628410694937088	0.22267781050233837	0-100%	104	SMA	L	plan
0.998673520273396	0.22218759994913956	plan	104	SMA	L	plan
2.4392021962446826	0.24908461273168878	exec	104	SMA	L	plan
1.3060304260246025	0.2376354998845843	100-0%	104	PMd	L	plan
0.8008513408091483	0.15112993811356515	75-25%	104	PMd	L	plan
1.0819051834790454	0.20026604953990365	50-50%	104	PMd	L	plan
1.5598398948636276	0.26659456338748133	25-75%	104	PMd	L	plan
1.1153747380551722	0.19240708932885153	0-100%	104	PMd	L	plan
2.828505625312052	0.5090299351412545	plan	104	PMd	L	plan
2.1050563714582076	0.18293824950167428	exec	104	PMd	L	plan
-0.5224311378430904	-0.08063143271491771	100-0%	104	PMv	L	plan
-1.6465444045146806	-0.2898026983865409	75-25%	104	PMv	L	plan
-1.093319749445044	-0.18015782681234438	50-50%	104	PMv	L	plan
-1.151038385564819	-0.20841221425307951	25-75%	104	PMv	L	plan
-1.7007407788661129	-0.3328042222840333	0-100%	104	PMv	L	plan
-0.5801552304170603	-0.08722176561588604	plan	104	PMv	L	plan
4.062202226538248	0.46803485595840305	exec	104	PMv	L	plan
-2.4572711865023256	-0.43380583205021706	100-0%	104	M1	L	plan
-3.0225265721328145	-0.5348963711996566	75-25%	104	M1	L	plan
-2.733412981454243	-0.47171359540798513	50-50%	104	M1	L	plan
-2.280784928089909	-0.41295568340622035	25-75%	104	M1	L	plan
-2.44758245851712	-0.4219911047166339	0-100%	104	M1	L	plan
-0.29980460906175904	-0.05364722036839433	plan	104	M1	L	plan
6.484689309534342	0.5582875364739283	exec	104	M1	L	plan
-2.8121148822849955	-0.46426076937922683	100-0%	104	S1	L	plan
-3.8915693154604827	-0.6573268302608	75-25%	104	S1	L	plan
-3.4890682429817477	-0.5776474892619926	50-50%	104	S1	L	plan
-2.7006431803001725	-0.4613596373142778	25-75%	104	S1	L	plan
-3.7680296806934375	-0.6475510735417014	0-100%	104	S1	L	plan
-1.434890243541875	-0.25163807586837833	plan	104	S1	L	plan
9.762791220128735	0.8712006114826649	exec	104	S1	L	plan
0.13985866905642672	0.027766730281722697	100-0%	104	SPLa	L	plan
-1.0393521555877343	-0.1655260841495735	75-25%	104	SPLa	L	plan
-0.5823638783788851	-0.09244984766212229	50-50%	104	SPLa	L	plan
0.19225504518971992	0.030699956765283334	25-75%	104	SPLa	L	plan
-0.6617607857152616	-0.12356878071197863	0-100%	104	SPLa	L	plan
1.150613134982638	0.17327668700769355	plan	104	SPLa	L	plan
4.0876267002802935	0.3802627741145615	exec	104	SPLa	L	plan
0.5704507524884315	0.10697112572649332	100-0%	104	SPLp	L	plan
0.01724969297305942	0.03696920210330333	75-25%	104	SPLp	L	plan
-0.1589495918808258	-0.01060006643934851	50-50%	104	SPLp	L	plan
0.7486164469559448	0.13596238971998675	25-75%	104	SPLp	L	plan
-0.12151117427168084	-0.03755041669558606	0-100%	104	SPLp	L	plan
0.8876900135767896	0.179063284688276	plan	104	SPLp	L	plan
5.737913920527562	0.5275685509122091	exec	104	SPLp	L	plan
1.9446383035909902	0.5031051917692012	100-0%	104	SMA	R	plan
1.6459185423109577	0.42759725634952905	75-25%	104	SMA	R	plan
1.4666965151994695	0.363492251479248	50-50%	104	SMA	R	plan
1.4280752076673606	0.3631748486608962	25-75%	104	SMA	R	plan
2.13934166340235	0.5488889172330447	0-100%	104	SMA	R	plan
2.2308023700195916	0.5793432324453534	plan	104	SMA	R	plan
0.9551544993650168	0.11175211362877033	exec	104	SMA	R	plan
0.18221335024484692	0.006894308874117476	100-0%	104	PMd	R	plan
-0.08444525212356985	-0.06289223784264762	75-25%	104	PMd	R	plan
0.04157105623579021	-0.027495391620597588	50-50%	104	PMd	R	plan
0.157043775218348	-0.0010690278626621275	25-75%	104	PMd	R	plan
-0.06179599072821993	-0.06007597830243391	0-100%	104	PMd	R	plan
1.069988563188507	0.24729361063492805	plan	104	PMd	R	plan
0.24175584029216643	0.057979636576100044	exec	104	PMd	R	plan
0.309882376066935	0.0894367062158501	100-0%	104	PMv	R	plan
-0.4272594835039571	-0.09437592362355718	75-25%	104	PMv	R	plan
-0.123059217500178	-0.0326164846035491	50-50%	104	PMv	R	plan
-0.11745505197948687	-0.015927896757299703	25-75%	104	PMv	R	plan
-0.5448310846780858	-0.16062444457354166	0-100%	104	PMv	R	plan
-0.050211662954172925	-0.014397669384069226	plan	104	PMv	R	plan
2.981939908162486	0.35473207457212685	exec	104	PMv	R	plan
-2.354917875866251	-0.5961454197984031	100-0%	104	M1	R	plan
-2.5902783734712616	-0.6611597553930794	75-25%	104	M1	R	plan
-2.886834082195558	-0.7355134174805549	50-50%	104	M1	R	plan
-3.062517133283477	-0.7959792335883094	25-75%	104	M1	R	plan
-3.2298458988381444	-0.8361999332785337	0-100%	104	M1	R	plan
-2.760744159626454	-0.7099709337375029	plan	104	M1	R	plan
3.5276695172781283	0.4613290521804515	exec	104	M1	R	plan
-2.6681855701060746	-0.6934541109976067	100-0%	104	S1	R	plan
-3.0069207059681387	-0.7787971704932204	75-25%	104	S1	R	plan
-2.80308183011059	-0.7094367570527993	50-50%	104	S1	R	plan
-3.244791281609699	-0.8432458143041686	25-75%	104	S1	R	plan
-3.7350646276970214	-0.9818563865650276	0-100%	104	S1	R	plan
-2.455257312834715	-0.6151171779411015	plan	104	S1	R	plan
2.3238165398177815	0.282664359749333	exec	104	S1	R	plan
-0.37047504733033876	-0.08832494613713995	100-0%	104	SPLa	R	plan
-0.5334973065109807	-0.12448354358969764	75-25%	104	SPLa	R	plan
-0.6304773316556488	-0.1421979259991533	50-50%	104	SPLa	R	plan
-0.46721061447325546	-0.10355765611112419	25-75%	104	SPLa	R	plan
-0.7283674447530107	-0.16736742792980772	0-100%	104	SPLa	R	plan
1.234754808609328	0.2512958279192438	plan	104	SPLa	R	plan
-0.3111775126161384	-0.009531878037878557	exec	104	SPLa	R	plan
0.4375364190888998	0.09835733644367921	100-0%	104	SPLp	R	plan
-0.01159882351623284	0.00980949356472964	75-25%	104	SPLp	R	plan
-0.435756801440656	-0.09333745339552504	50-50%	104	SPLp	R	plan
0.777877845141453	0.1474693732569404	25-75%	104	SPLp	R	plan
0.20880511599555152	0.020248105849429817	0-100%	104	SPLp	R	plan
0.8507312380898954	0.141974839431883	plan	104	SPLp	R	plan
3.76893714644137	0.4160165170706023	exec	104	SPLp	R	plan
2.4855792523777227	0.8558253370617673	100-0%	105	SMA	L	plan
2.6919753618028937	0.9504237460053239	75-25%	105	SMA	L	plan
3.330862355164351	1.1407227752197497	50-50%	105	SMA	L	plan
2.381717519093787	0.8242697754635456	25-75%	105	SMA	L	plan
3.1049354032866923	1.0967239118991385	0-100%	105	SMA	L	plan
6.286220308121462	2.1538696497592333	plan	105	SMA	L	plan
1.1451815816076867	0.3077800195683783	exec	105	SMA	L	plan
2.977786471810651	0.8708639677621197	100-0%	105	PMd	L	plan
3.080951555600566	0.8982934862737935	75-25%	105	PMd	L	plan
3.848212011485948	1.129170654393257	50-50%	105	PMd	L	plan
2.5997242685118445	0.7454450366963568	25-75%	105	PMd	L	plan
3.3617092948953817	0.9716166409293355	0-100%	105	PMd	L	plan
7.612666367144934	2.400372751776941	plan	105	PMd	L	plan
0.18235300898747542	-0.1402315350594789	exec	105	PMd	L	plan
2.6951194166026173	0.8445592002294942	100-0%	105	PMv	L	plan
2.314517604551795	0.7065616709863027	75-25%	105	PMv	L	plan
2.626650996136188	0.8009923471329151	50-50%	105	PMv	L	plan
2.1587738490336346	0.6677185512914711	25-75%	105	PMv	L	plan
3.0546608505548907	0.9732072304607139	0-100%	105	PMv	L	plan
7.751976950591048	2.5588231151574963	plan	105	PMv	L	plan
-3.341913950776113	-0.513576232476496	exec	105	PMv	L	plan
0.13871320487350852	0.059657737010837056	100-0%	105	M1	L	plan
-0.100904623461873	-0.02149107071137444	75-25%	105	M1	L	plan
0.752829484873047	0.20846092624431314	50-50%	105	M1	L	plan
-0.2520367669397484	-0.07478162630890313	25-75%	105	M1	L	plan
0.4986409704498306	0.15547080528539522	0-100%	105	M1	L	plan
6.3827956582118635	2.0277085776483537	plan	105	M1	L	plan
2.8577692181532615	0.31568060711784784	exec	105	M1	L	plan
-0.049379270631352924	-0.05018491255571544	100-0%	105	S1	L	plan
-0.27901610934707866	-0.12036630825579925	75-25%	105	S1	L	plan
0.45301839329363447	0.042354751741463616	50-50%	105	S1	L	plan
-0.5158887902883351	-0.19627415042242766	25-75%	105	S1	L	plan
0.04948627260611976	-0.05437811653588063	0-100%	105	S1	L	plan
0.5102419533207369	0.11086999641246184	plan	105	S1	L	plan
16.667581114039073	2.280638071107113	exec	105	S1	L	plan
3.0965879726077326	0.7799312644156147	100-0%	105	SPLa	L	plan
3.154959062059487	0.7869264920969541	75-25%	105	SPLa	L	plan
3.199298031545084	0.7954157359880542	50-50%	105	SPLa	L	plan
2.463756057811454	0.6081536666371745	25-75%	105	SPLa	L	plan
3.4162557142716983	0.8600286139818731	0-100%	105	SPLa	L	plan
5.272334409102173	1.3845727968881567	plan	105	SPLa	L	plan
3.1378079977486752	0.3855605364281641	exec	105	SPLa	L	plan
2.275465716863244	0.49982798365256687	100-0%	105	SPLp	L	plan
2.169126451656048	0.4725652271879756	75-25%	105	SPLp	L	plan
2.004840599512526	0.43061772658630937	50-50%	105	SPLp	L	plan
1.1876699938985926	0.25418803230953596	25-75%	105	SPLp	L	plan
2.0425570888345272	0.46494466429048664	0-100%	105	SPLp	L	plan
3.676033870736059	0.8540414424842645	plan	105	SPLp	L	plan
5.0997583375208215	0.7486330759556084	exec	105	SPLp	L	plan
3.0686135681831965	1.023902374706096	100-0%	105	SMA	R	plan
3.5732333511505545	1.1604499831292914	75-25%	105	SMA	R	plan
4.0842522875216885	1.3270170977055702	50-50%	105	SMA	R	plan
3.521446758667952	1.1750494653008123	25-75%	105	SMA	R	plan
3.809653187921757	1.2620388979455828	0-100%	105	SMA	R	plan
4.780684717969996	1.6335289322615911	plan	105	SMA	R	plan
7.123818623414938	1.1480010076014298	exec	105	SMA	R	plan
2.4832553486287843	0.8078898253955954	100-0%	105	PMd	R	plan
2.7643069602666746	0.901347167783707	75-25%	105	PMd	R	plan
2.9958014686050887	0.9793737693572511	50-50%	105	PMd	R	plan
2.756726725549159	0.8859622324583424	25-75%	105	PMd	R	plan
2.745755714687057	0.9014782082017421	0-100%	105	PMd	R	plan
4.689952329729965	1.6087483846010446	plan	105	PMd	R	plan
0.7192796121515574	0.09167448632347291	exec	105	PMd	R	plan
2.28887288430174	0.7243578539823369	100-0%	105	PMv	R	plan
1.725396549634457	0.5447414960925729	75-25%	105	PMv	R	plan
2.2448886392833614	0.7113444542977101	50-50%	105	PMv	R	plan
2.380185238310371	0.7396994708689071	25-75%	105	PMv	R	plan
2.173558277186027	0.6920992920417888	0-100%	105	PMv	R	plan
3.7924595881033945	1.2260691497287743	plan	105	PMv	R	plan
1.1034918617546445	0.17530027013935057	exec	105	PMv	R	plan
-0.2431996993196926	-0.06024379847000766	100-0%	105	M1	R	plan
-0.6455091744096638	-0.21124529677055506	75-25%	105	M1	R	plan
0.21423509785361858	0.0682059001489395	50-50%	105	M1	R	plan
0.08175739217802411	0.040537843951635164	25-75%	105	M1	R	plan
-0.04200678079547592	-0.0053142677106693325	0-100%	105	M1	R	plan
5.181549800827476	1.8141313858406105	plan	105	M1	R	plan
-2.8305928922675516	-0.5802242380094913	exec	105	M1	R	plan
-1.6598102470570542	-0.5425979313124152	100-0%	105	S1	R	plan
-1.761767878543893	-0.5763310809603336	75-25%	105	S1	R	plan
-1.3387800295421293	-0.4435227618188805	50-50%	105	S1	R	plan
-1.511729214911364	-0.4968932120130879	25-75%	105	S1	R	plan
-1.215493882331292	-0.42288892202729755	0-100%	105	S1	R	plan
0.9716228997603271	0.2918506650572789	plan	105	S1	R	plan
4.983009186524952	0.8061040949318287	exec	105	S1	R	plan
1.319997422488771	0.3489301071265115	100-0%	105	SPLa	R	plan
1.784628910537232	0.4880606591012928	75-25%	105	SPLa	R	plan
2.1627763268661835	0.5758323531968116	50-50%	105	SPLa	R	plan
1.7740119720443073	0.4801158372300263	25-75%	105	SPLa	R	plan
2.455460044062278	0.6576456827056838	0-100%	105	SPLa	R	plan
2.983891613102189	0.7927268677404229	plan	105	SPLa	R	plan
4.574981229725591	0.6571137564436851	exec	105	SPLa	R	plan
1.3604426378142738	0.3284919391920223	100-0%	105	SPLp	R	plan
1.3169203096843323	0.31723555811373405	75-25%	105	SPLp	R	plan
1.6254785048441827	0.39912071566515084	50-50%	105	SPLp	R	plan
1.1933817432318377	0.2892132206455542	25-75%	105	SPLp	R	plan
1.6510123454255334	0.417171554900086	0-100%	105	SPLp	R	plan
3.819479860481029	0.9732857888775232	plan	105	SPLp	R	plan
1.6903369301149618	0.31296475760542075	exec	105	SPLp	R	plan
2.2223565572255435	0.5822333211541897	100-0%	106	SMA	L	plan
1.9694733887170164	0.5536565872673169	75-25%	106	SMA	L	plan
1.6207526543545068	0.3722477428900257	50-50%	106	SMA	L	plan
1.6734930664987662	0.3871362254700683	25-75%	106	SMA	L	plan
2.004522847040789	0.5509710868301485	0-100%	106	SMA	L	plan
2.609270561067815	0.5388282307513366	plan	106	SMA	L	plan
6.48271434073157	1.4099205429884691	exec	106	SMA	L	plan
3.245758441600504	0.8698174815115747	100-0%	106	PMd	L	plan
2.5711499728549687	0.6559789019545172	75-25%	106	PMd	L	plan
1.847848641032331	0.49024701911945673	50-50%	106	PMd	L	plan
2.4027565405450617	0.6435894381244512	25-75%	106	PMd	L	plan
2.797043535059652	0.7506073907859993	0-100%	106	PMd	L	plan
4.541632702886741	1.221847833265516	plan	106	PMd	L	plan
2.981381030907934	0.40143674175800603	exec	106	PMd	L	plan
1.2633550179971655	0.3252091084088851	100-0%	106	PMv	L	plan
1.4755884773275327	0.41266118806162255	75-25%	106	PMv	L	plan
1.4454578568774556	0.36937634266898156	50-50%	106	PMv	L	plan
2.012260856151226	0.5389344310532103	25-75%	106	PMv	L	plan
1.6673090053622477	0.445745438144594	0-100%	106	PMv	L	plan
4.4047273121108965	1.4549143180602215	plan	106	PMv	L	plan
-1.621820846202946	-0.42957916006128055	exec	106	PMv	L	plan
2.0830757841571312	0.49362242558188996	100-0%	106	M1	L	plan
1.534982657063665	0.3650178691218571	75-25%	106	M1	L	plan
0.5884250933314661	0.14993579710882443	50-50%	106	M1	L	plan
1.2248287565325882	0.2986068325278666	25-75%	106	M1	L	plan
1.818976692202341	0.4327940457433215	0-100%	106	M1	L	plan
6.062908735977544	1.54713478110898	plan	106	M1	L	plan
3.2717650110507748	0.3773941529793774	exec	106	M1	L	plan
0.38744573746789557	0.1325447835075562	100-0%	106	S1	L	plan
-0.7160575470929249	-0.16811430720727333	75-25%	106	S1	L	plan
-1.0151923849234117	-0.23543325518296834	50-50%	106	S1	L	plan
-0.7627078330011158	-0.14101560685684952	25-75%	106	S1	L	plan
-0.47874396704521943	-0.10369305626004788	0-100%	106	S1	L	plan
0.7672142704711602	0.40503703436441996	plan	106	S1	L	plan
12.693933292562663	1.3063039273783281	exec	106	S1	L	plan
2.3376361220769484	0.52844644272215	100-0%	106	SPLa	L	plan
1.3442788240478936	0.3005363225984082	75-25%	106	SPLa	L	plan
0.9937277189828768	0.22269375911016384	50-50%	106	SPLa	L	plan
1.235339095911443	0.27229149778972433	25-75%	106	SPLa	L	plan
1.4773169308614031	0.32717403107972487	0-100%	106	SPLa	L	plan
1.5444364947314329	0.34354435932660354	plan	106	SPLa	L	plan
8.95756051968001	1.0764939413584684	exec	106	SPLa	L	plan
1.4441776409212692	0.2555775512154758	100-0%	106	SPLp	L	plan
1.8623437760741994	0.4264102744793245	75-25%	106	SPLp	L	plan
1.058196690903831	0.19354277910064835	50-50%	106	SPLp	L	plan
1.5210554593748324	0.3033544100221673	25-75%	106	SPLp	L	plan
1.1652073900099802	0.21185197208629714	0-100%	106	SPLp	L	plan
0.737900044976361	0.03715676140299786	plan	106	SPLp	L	plan
8.213678087048493	1.1845491679781495	exec	106	SPLp	L	plan
2.7820741311665023	0.8301910468266015	100-0%	106	SMA	R	plan
1.928176008059433	0.5836013315224855	75-25%	106	SMA	R	plan
1.5451187169843263	0.4387758741665992	50-50%	106	SMA	R	plan
1.8353712174344448	0.5193697118939411	25-75%	106	SMA	R	plan
2.5020921613804754	0.765185970506751	0-100%	106	SMA	R	plan
2.894507928980935	0.7995445327722888	plan	106	SMA	R	plan
5.795581696185494	1.096270725626889	exec	106	SMA	R	plan
1.8235683812847574	0.5983481513379532	100-0%	106	PMd	R	plan
1.482312661593052	0.4997906815045305	75-25%	106	PMd	R	plan
1.1605925547073677	0.39154812839641256	50-50%	106	PMd	R	plan
1.4128919241782985	0.4616853798359542	25-75%	106	PMd	R	plan
1.7849976223625013	0.5949365981958811	0-100%	106	PMd	R	plan
3.4478595946296617	1.1375870825371261	plan	106	PMd	R	plan
0.2775716569005241	0.01860280403276706	exec	106	PMd	R	plan
1.0834279444077293	0.352763136598266	100-0%	106	PMv	R	plan
1.1427836379549396	0.3856930810845188	75-25%	106	PMv	R	plan
1.1309736536080621	0.3849516224648703	50-50%	106	PMv	R	plan
1.0585954773153559	0.36061005035034294	25-75%	106	PMv	R	plan
1.207456994167943	0.39828458314429765	0-100%	106	PMv	R	plan
2.4476156009223176	0.8034661029971331	plan	106	PMv	R	plan
0.922543326428988	0.14728156318810315	exec	106	PMv	R	plan
0.005849722600879702	0.035715053239344076	100-0%	106	M1	R	plan
-0.12831913307842352	-0.0012271791591685806	75-25%	106	M1	R	plan
-0.4348029341772625	-0.13054055767044964	50-50%	106	M1	R	plan
-0.6295619514172733	-0.19726753293781876	25-75%	106	M1	R	plan
0.13301053524589634	0.06205005470893474	0-100%	106	M1	R	plan
3.4037095295067976	1.1309116236064305	plan	106	M1	R	plan
-0.7714791853293663	-0.16576540963333242	exec	106	M1	R	plan
-1.068270797325916	-0.29277427345981605	100-0%	106	S1	R	plan
-1.7881352051521835	-0.5095414974587633	75-25%	106	S1	R	plan
-1.3884599057013967	-0.38985967292795026	50-50%	106	S1	R	plan
-1.7742855391438996	-0.5243095555929813	25-75%	106	S1	R	plan
-1.2534496254988094	-0.37536777827489515	0-100%	106	S1	R	plan
1.2963177509002266	0.430047966396018	plan	106	S1	R	plan
3.2945077991728926	0.3803282930065156	exec	106	S1	R	plan
1.658997109325211	0.4504109327238363	100-0%	106	SPLa	R	plan
0.8448273512611879	0.2616507130508257	75-25%	106	SPLa	R	plan
0.7463969273752451	0.2247268827133902	50-50%	106	SPLa	R	plan
0.8822471642406877	0.2647069234621133	25-75%	106	SPLa	R	plan
1.0944497891814742	0.3160952786651649	0-100%	106	SPLa	R	plan
1.920100415636027	0.5285614128256265	plan	106	SPLa	R	plan
4.891407981306914	0.6068076787864796	exec	106	SPLa	R	plan
1.314283354704154	0.28495405291382947	100-0%	106	SPLp	R	plan
1.589143926323172	0.41478393955056836	75-25%	106	SPLp	R	plan
1.0514247743297773	0.23698718547316958	50-50%	106	SPLp	R	plan
1.7152644237090355	0.4290842837378769	25-75%	106	SPLp	R	plan
1.3086894289894557	0.301746260162639	0-100%	106	SPLp	R	plan
0.7697558295426007	0.1756290950496415	plan	106	SPLp	R	plan
6.820990638585477	1.0434269124312292	exec	106	SPLp	R	plan
3.96535900265817	0.5475986389517901	100-0%	107	SMA	L	plan
6.8886936878648415	1.0111128304581969	75-25%	107	SMA	L	plan
5.773100871510111	0.8328208523477203	50-50%	107	SMA	L	plan
2.958264109802541	0.4146061379884455	25-75%	107	SMA	L	plan
5.388441043604544	0.7781247537292201	0-100%	107	SMA	L	plan
9.829520545774885	1.3214698719661764	plan	107	SMA	L	plan
-14.595596143506413	-0.9134833443772697	exec	107	SMA	L	plan
3.1681337956475124	0.41556078609249125	100-0%	107	PMd	L	plan
7.010977085846521	0.8887690508186111	75-25%	107	PMd	L	plan
5.588536738486635	0.7129021750902758	50-50%	107	PMd	L	plan
3.165419314426799	0.42595329231017137	25-75%	107	PMd	L	plan
5.099040252582895	0.6573033771275114	0-100%	107	PMd	L	plan
11.968823864620239	1.4554144993207847	plan	107	PMd	L	plan
-15.20470684210341	-0.8856147938288955	exec	107	PMd	L	plan
3.4582823432535843	0.4912162299846564	100-0%	107	PMv	L	plan
6.823864889585159	0.9075298217309222	75-25%	107	PMv	L	plan
5.76775867914312	0.7799322424436939	50-50%	107	PMv	L	plan
3.919222217682469	0.5296764510894972	25-75%	107	PMv	L	plan
5.693967942289692	0.8361447368401174	0-100%	107	PMv	L	plan
9.956663476225067	1.3950559896802843	plan	107	PMv	L	plan
-10.41170854995457	-0.7100561744964135	exec	107	PMv	L	plan
2.625016798885067	0.4281610870700244	100-0%	107	M1	L	plan
5.653180817630745	0.8727175773494028	75-25%	107	M1	L	plan
5.801108932562015	0.9011732448580262	50-50%	107	M1	L	plan
3.5872412182351336	0.5876855511205192	25-75%	107	M1	L	plan
5.420167683931986	0.8513201118908449	0-100%	107	M1	L	plan
7.377920735989776	1.0168191043995765	plan	107	M1	L	plan
-0.47047338527824045	0.050456742038105906	exec	107	M1	L	plan
1.0964788947533541	0.13355714654680853	100-0%	107	S1	L	plan
2.93348426102963	0.3898357520831926	75-25%	107	S1	L	plan
3.469985645799373	0.4472361052658007	50-50%	107	S1	L	plan
0.15748103686246528	0.030478680046146074	25-75%	107	S1	L	plan
2.302141493871392	0.3350884581288463	0-100%	107	S1	L	plan
3.6155439720696148	0.38064096932893254	plan	107	S1	L	plan
16.394471344097457	1.1545735280497302	exec	107	S1	L	plan
1.8175338103964742	0.19453645872421912	100-0%	107	SPLa	L	plan
4.649056085074942	0.5635813987252285	75-25%	107	SPLa	L	plan
4.741224441731516	0.5747406210995598	50-50%	107	SPLa	L	plan
2.24384488921355	0.2557792135578281	25-75%	107	SPLa	L	plan
3.6840494928420346	0.45976799466568374	0-100%	107	SPLa	L	plan
3.5168734302423235	0.44423043986045846	plan	107	SPLa	L	plan
5.584066140875286	0.3005285078677172	exec	107	SPLa	L	plan
0.5180149555186015	0.001695458797230993	100-0%	107	SPLp	L	plan
3.477294596709047	0.5505842075687243	75-25%	107	SPLp	L	plan
2.2010713598206357	0.30585055083525625	50-50%	107	SPLp	L	plan
1.26126329308336	0.1467547322224752	25-75%	107	SPLp	L	plan
2.519055108711742	0.36267593497017087	0-100%	107	SPLp	L	plan
2.278826484107624	0.40191830224814434	plan	107	SPLp	L	plan
2.6767277536717686	0.14400672792651356	exec	107	SPLp	L	plan
4.289127525296691	0.6813060684947216	100-0%	107	SMA	R	plan
6.985403678600044	1.1271146365928753	75-25%	107	SMA	R	plan
6.080608350994571	0.9888330290232685	50-50%	107	SMA	R	plan
2.9195435769892297	0.4601345399936953	25-75%	107	SMA	R	plan
5.895762459913266	0.9451934096791742	0-100%	107	SMA	R	plan
10.41922864145724	1.6928167290294147	plan	107	SMA	R	plan
-13.569624928980891	-1.1151404875359934	exec	107	SMA	R	plan
1.3887589594565297	0.2241712708799638	100-0%	107	PMd	R	plan
2.7372469397312607	0.45154926239997367	75-25%	107	PMd	R	plan
2.557390205619773	0.4368380102247034	50-50%	107	PMd	R	plan
1.895634426312541	0.31033553462922675	25-75%	107	PMd	R	plan
2.8781479536665606	0.4825989525639503	0-100%	107	PMd	R	plan
6.066870579103212	1.0385467597905502	plan	107	PMd	R	plan
-8.561831421072489	-0.7248215694455539	exec	107	PMd	R	plan
2.0485034527828083	0.348038117458801	100-0%	107	PMv	R	plan
3.2837952400860333	0.5904333706808274	75-25%	107	PMv	R	plan
3.574091065473122	0.7235685428432259	50-50%	107	PMv	R	plan
2.6598638915649113	0.4583908149559218	25-75%	107	PMv	R	plan
3.9051702487103443	0.7340030851885101	0-100%	107	PMv	R	plan
6.283463938910802	1.2459918028676764	plan	107	PMv	R	plan
-10.1984719192238	-1.01896507611057	exec	107	PMv	R	plan
1.5657422986140657	0.25673756559459926	100-0%	107	M1	R	plan
3.4466352834588587	0.5770764071620166	75-25%	107	M1	R	plan
4.045423805881712	0.6817600098421055	50-50%	107	M1	R	plan
2.0078822333502226	0.3098348194998698	25-75%	107	M1	R	plan
2.398519800141208	0.3937306136151192	0-100%	107	M1	R	plan
6.874932163247936	1.1885178325981378	plan	107	M1	R	plan
-10.68296984237307	-0.9121747279058944	exec	107	M1	R	plan
0.23032610539127288	0.06038671403065789	100-0%	107	S1	R	plan
1.5374439565131246	0.2664100768843225	75-25%	107	S1	R	plan
2.2178934171849605	0.38512942037334635	50-50%	107	S1	R	plan
-0.32024936752166533	-0.06497804321255618	25-75%	107	S1	R	plan
-0.07181356723951396	-0.02625587069253739	0-100%	107	S1	R	plan
2.6622511485838465	0.4702841079198024	plan	107	S1	R	plan
-0.9100426299666333	-0.07986229006237539	exec	107	S1	R	plan
1.8800551648185637	0.27454246635594165	100-0%	107	SPLa	R	plan
3.447415022592621	0.5144222799785104	75-25%	107	SPLa	R	plan
3.338692460428322	0.5085778688078204	50-50%	107	SPLa	R	plan
2.1017920728181827	0.30325629796644826	25-75%	107	SPLa	R	plan
3.2047459900188704	0.47846483121590483	0-100%	107	SPLa	R	plan
2.027241142414499	0.3332523990258838	plan	107	SPLa	R	plan
1.7772254434750174	0.1035145539083241	exec	107	SPLa	R	plan
1.1212602572977481	0.1627294416425082	100-0%	107	SPLp	R	plan
3.0444148162778637	0.49358500686907913	75-25%	107	SPLp	R	plan
1.6189632366635174	0.21739685182804114	50-50%	107	SPLp	R	plan
2.11297630572045	0.3221768975164715	25-75%	107	SPLp	R	plan
3.167909965520622	0.4819108263964735	0-100%	107	SPLp	R	plan
0.27069728987168623	0.10653956366328685	plan	107	SPLp	R	plan
5.0674397828298865	0.3070602069554912	exec	107	SPLp	R	plan
0.019581681466777807	0.04435878220267477	100-0%	108	SMA	L	plan
-0.643269827586133	-0.06223879458918236	75-25%	108	SMA	L	plan
0.21862658004835248	0.07113869115401758	50-50%	108	SMA	L	plan
1.3895846363701858	0.2625563876935048	25-75%	108	SMA	L	plan
1.8233220667168497	0.36150614730687813	0-100%	108	SMA	L	plan
-1.103852175171487	-0.1644886327480199	plan	108	SMA	L	plan
8.768920604414307	0.7546948700832435	exec	108	SMA	L	plan
-0.38779597923482584	-0.06309029448248282	100-0%	108	PMd	L	plan
-0.6488015357046445	-0.11309677372930307	75-25%	108	PMd	L	plan
0.5192022830167811	0.1034906958953767	50-50%	108	PMd	L	plan
1.8544174039407688	0.34554336089154725	25-75%	108	PMd	L	plan
0.907193998053806	0.1949809638685658	0-100%	108	PMd	L	plan
0.6729842410626042	0.13805670113642607	plan	108	PMd	L	plan
4.151293225283599	0.38390792690783354	exec	108	PMd	L	plan
0.18853400170761508	0.10280888703489932	100-0%	108	PMv	L	plan
-0.24485582766039993	0.027914013349084704	75-25%	108	PMv	L	plan
-0.08201968946064973	0.05980050603656407	50-50%	108	PMv	L	plan
1.5576115291413934	0.3808294470383178	25-75%	108	PMv	L	plan
1.334035421899759	0.3756371832839493	0-100%	108	PMv	L	plan
0.6978128406317575	0.18518851422617816	plan	108	PMv	L	plan
3.2440160330097005	0.32741333423547625	exec	108	PMv	L	plan
-0.8356850531235076	-0.09576492524508114	100-0%	108	M1	L	plan
-1.7071199393792709	-0.2842039617537598	75-25%	108	M1	L	plan
-0.5792678355477063	-0.055658935399079824	50-50%	108	M1	L	plan
0.9483948282884003	0.2529410721869102	25-75%	108	M1	L	plan
0.29282180659957846	0.14632480465643463	0-100%	108	M1	L	plan
-0.03523400930441485	-0.002495287822786534	plan	108	M1	L	plan
6.814112374809434	0.7214695040358101	exec	108	M1	L	plan
-3.1284316744491787	-0.4913518245771122	100-0%	108	S1	L	plan
-4.234311740903602	-0.6865975700325612	75-25%	108	S1	L	plan
-2.8554178199724016	-0.43334460135022745	50-50%	108	S1	L	plan
-1.5023848852076127	-0.23157597473133154	25-75%	108	S1	L	plan
-1.809259801216969	-0.2502582935945657	0-100%	108	S1	L	plan
-3.5331214014168855	-0.6071052916672017	plan	108	S1	L	plan
13.516689196746382	1.1930797524456693	exec	108	S1	L	plan
-0.16515688046134086	0.019047694507394144	100-0%	108	SPLa	L	plan
-0.3351485854789977	-0.0179432263579213	75-25%	108	SPLa	L	plan
0.5924437956223167	0.13154027414317657	50-50%	108	SPLa	L	plan
2.359330467164791	0.4009829873329206	25-75%	108	SPLa	L	plan
1.3259077131581738	0.2631996685412095	0-100%	108	SPLa	L	plan
0.36619787630990036	0.09732007767715578	plan	108	SPLa	L	plan
5.109601055129455	0.4065870154276413	exec	108	SPLa	L	plan
-2.2229873428189735	-0.33426328062918503	100-0%	108	SPLp	L	plan
-1.7005741170475226	-0.2575240261236913	75-25%	108	SPLp	L	plan
-1.4073224807594962	-0.18562378256025344	50-50%	108	SPLp	L	plan
0.3157311026534505	0.08063724081097291	25-75%	108	SPLp	L	plan
-0.5779454191814933	-0.01855886741169498	0-100%	108	SPLp	L	plan
1.7303730838263973	0.3020282613326107	plan	108	SPLp	L	plan
1.2147777492474814	0.12223654009919048	exec	108	SPLp	L	plan
0.9450067313862328	0.17901767426291887	100-0%	108	SMA	R	plan
0.16971317935259203	0.03304388713469781	75-25%	108	SMA	R	plan
0.4622070803648289	0.09230802985839545	50-50%	108	SMA	R	plan
1.5389594158122275	0.28507384550213594	25-75%	108	SMA	R	plan
1.995567691563184	0.40958519149986294	0-100%	108	SMA	R	plan
-0.44361615241129204	-0.11864978661471458	plan	108	SMA	R	plan
6.810027156888236	0.7134202883369145	exec	108	SMA	R	plan
-0.8362189758178806	-0.1928518149731201	100-0%	108	PMd	R	plan
-0.7275755710355921	-0.17000072353348744	75-25%	108	PMd	R	plan
-0.20140438604705807	-0.0399333499886702	50-50%	108	PMd	R	plan
0.7709316060244703	0.18310416273960425	25-75%	108	PMd	R	plan
0.020430380176117084	0.0009249784799638365	0-100%	108	PMd	R	plan
1.5664187309179523	0.38976199073731604	plan	108	PMd	R	plan
-0.45729866922628537	-0.07052623290409747	exec	108	PMd	R	plan
-1.0434123707968352	-0.23800134829278	100-0%	108	PMv	R	plan
-1.2529787438809303	-0.27031751718476904	75-25%	108	PMv	R	plan
-1.0454524164372114	-0.2220504019360356	50-50%	108	PMv	R	plan
0.348106560961803	0.09561090393666721	25-75%	108	PMv	R	plan
-0.2503215173507271	-0.05552064928195186	0-100%	108	PMv	R	plan
0.5128727314422207	0.11558954709034341	plan	108	PMv	R	plan
2.001001856492939	0.2449108864985107	exec	108	PMv	R	plan
-1.752370768364186	-0.3950160596133776	100-0%	108	M1	R	plan
-1.8091252674406426	-0.41411931000802454	75-25%	108	M1	R	plan
-1.851123621310893	-0.40584042042563295	50-50%	108	M1	R	plan
-0.7429890060435088	-0.14702467482248738	25-75%	108	M1	R	plan
-1.1444884797479615	-0.2331421047890508	0-100%	108	M1	R	plan
-0.512045132852201	-0.12149582087945092	plan	108	M1	R	plan
2.383206639660721	0.3054037402975015	exec	108	M1	R	plan
-2.8361771511124876	-0.5695972663500551	100-0%	108	S1	R	plan
-2.9953506493423014	-0.6034434394394544	75-25%	108	S1	R	plan
-2.606758066759508	-0.5142012813604834	50-50%	108	S1	R	plan
-1.7364838708630956	-0.3285240514571668	25-75%	108	S1	R	plan
-1.9551211003255835	-0.3507018834079013	0-100%	108	S1	R	plan
-1.5348116885317349	-0.28104425129283583	plan	108	S1	R	plan
4.787498117238965	0.5003026333955496	exec	108	S1	R	plan
-0.6347455524174355	-0.11813206139557823	100-0%	108	SPLa	R	plan
-0.8356195520574932	-0.15382154533328243	75-25%	108	SPLa	R	plan
-0.21335245813659326	-0.020607550801670056	50-50%	108	SPLa	R	plan
1.0771029450783456	0.2368133387660357	25-75%	108	SPLa	R	plan
-0.11810138630416259	0.008820235984865142	0-100%	108	SPLa	R	plan
0.5991460821531485	0.12240221748974875	plan	108	SPLa	R	plan
1.5786117432869666	0.18759692552814303	exec	108	SPLa	R	plan
-0.7022186845707744	-0.13690286483442793	100-0%	108	SPLp	R	plan
-0.7948124770456355	-0.16419650865253568	75-25%	108	SPLp	R	plan
-0.500958252180872	-0.06521163782507473	50-50%	108	SPLp	R	plan
1.0588693795445991	0.25663041515331453	25-75%	108	SPLp	R	plan
-0.09479630162459533	0.047096477516451	0-100%	108	SPLp	R	plan
0.001129763982946045	0.007973027057583773	plan	108	SPLp	R	plan
3.101208856681516	0.39799244887558755	exec	108	SPLp	R	plan
1.0273850171891854	0.10078145195444027	100-0%	109	SMA	L	plan
0.5633661275709818	0.04792144502482184	75-25%	109	SMA	L	plan
1.302641994243846	0.16319474067695472	50-50%	109	SMA	L	plan
3.3555927871068234	0.4854268796346929	25-75%	109	SMA	L	plan
3.136072226801691	0.43243185859276256	0-100%	109	SMA	L	plan
0.9281728304399846	0.07585078426902618	plan	109	SMA	L	plan
6.2120739376942655	0.5154162186809956	exec	109	SMA	L	plan
1.409075890262943	0.16461337742290902	100-0%	109	PMd	L	plan
0.8201679320530578	0.13458742251065903	75-25%	109	PMd	L	plan
1.7488448666400052	0.23763280606691561	50-50%	109	PMd	L	plan
4.8700861129243185	0.6232523599989681	25-75%	109	PMd	L	plan
4.504107196412866	0.5928615731342385	0-100%	109	PMd	L	plan
3.5691193420069434	0.49660114127055427	plan	109	PMd	L	plan
3.1672395132472664	0.16935750403860755	exec	109	PMd	L	plan
1.4027663205890144	0.2231561441579198	100-0%	109	PMv	L	plan
0.7491443839143491	0.11871603596508551	75-25%	109	PMv	L	plan
1.9847887285997767	0.3259659909465233	50-50%	109	PMv	L	plan
3.5736049992664487	0.5663728302182349	25-75%	109	PMv	L	plan
4.780157540324097	0.7716986586160183	0-100%	109	PMv	L	plan
2.795218003427438	0.47696360032179047	plan	109	PMv	L	plan
3.3045188809010764	0.26064391221188377	exec	109	PMv	L	plan
1.8744623262703688	0.2978401365115198	100-0%	109	M1	L	plan
-0.10100896804997811	0.041269047447113315	75-25%	109	M1	L	plan
1.639497646405823	0.26289813131375056	50-50%	109	M1	L	plan
5.141568784591079	0.7301944047449627	25-75%	109	M1	L	plan
4.899992878404488	0.7172020351780612	0-100%	109	M1	L	plan
3.8391397703438996	0.6319239981317272	plan	109	M1	L	plan
8.505175718477181	0.49621438234876675	exec	109	M1	L	plan
1.4329214650067263	0.20611845165814288	100-0%	109	S1	L	plan
-1.6295509493484948	-0.16178179917632907	75-25%	109	S1	L	plan
0.9346935108009511	0.15153943039714154	50-50%	109	S1	L	plan
3.5348789766543796	0.4475764668299669	25-75%	109	S1	L	plan
3.606160900547223	0.4843773468343529	0-100%	109	S1	L	plan
2.6120620072652487	0.4443764306062749	plan	109	S1	L	plan
17.439471637992597	1.0264651630554433	exec	109	S1	L	plan
1.8357687402395624	0.2313495287610339	100-0%	109	SPLa	L	plan
-0.1106071969658004	-0.0034549968474725484	75-25%	109	SPLa	L	plan
1.6970156219745238	0.21796025578600628	50-50%	109	SPLa	L	plan
5.245295293705638	0.6403022082163707	25-75%	109	SPLa	L	plan
4.276844008918737	0.5390527415551618	0-100%	109	SPLa	L	plan
3.637348585843403	0.4410069049015731	plan	109	SPLa	L	plan
5.548691036542603	0.3647923667759089	exec	109	SPLa	L	plan
-1.0418441682218214	-0.16463637719004134	100-0%	109	SPLp	L	plan
-0.519252960176082	-0.06375351798145622	75-25%	109	SPLp	L	plan
0.054804466925769936	0.0183260796138923	50-50%	109	SPLp	L	plan
3.508147759344985	0.47012555218018065	25-75%	109	SPLp	L	plan
1.8442750807305313	0.23481238545224503	0-100%	109	SPLp	L	plan
2.8413976021504292	0.34938723294538127	plan	109	SPLp	L	plan
2.497908473654247	0.18106057145884263	exec	109	SPLp	L	plan
1.3051818155741786	0.19818601708940653	100-0%	109	SMA	R	plan
0.5959768006953527	0.11367709493527983	75-25%	109	SMA	R	plan
1.568677148973802	0.26085620223211176	50-50%	109	SMA	R	plan
3.9249525773862843	0.673594260770852	25-75%	109	SMA	R	plan
3.383826310285367	0.5865586009715802	0-100%	109	SMA	R	plan
1.9586280229705153	0.3325897452404876	plan	109	SMA	R	plan
6.915540349122603	0.6144445837359964	exec	109	SMA	R	plan
0.3144061542552034	0.08899775805258092	100-0%	109	PMd	R	plan
-0.1097574916285609	0.06794063861552507	75-25%	109	PMd	R	plan
0.3122329037412243	0.060992348294850375	50-50%	109	PMd	R	plan
2.190092762831744	0.45094005803085674	25-75%	109	PMd	R	plan
1.7164483114248608	0.3036826867901678	0-100%	109	PMd	R	plan
1.394034046838087	0.3242897218284082	plan	109	PMd	R	plan
2.408838765818145	0.15712144872474618	exec	109	PMd	R	plan
0.23824768904630494	0.03481395877906411	100-0%	109	PMv	R	plan
-0.9780723239670088	-0.13285634524988452	75-25%	109	PMv	R	plan
0.4087306565052926	0.06665041951236733	50-50%	109	PMv	R	plan
2.086645834756089	0.35891562140090616	25-75%	109	PMv	R	plan
1.4389459589811786	0.2195892437657964	0-100%	109	PMv	R	plan
2.624488799990526	0.49085382346299716	plan	109	PMv	R	plan
0.8047168688112378	0.0007342514013992952	exec	109	PMv	R	plan
-1.5619620796382787	-0.2259453472421396	100-0%	109	M1	R	plan
-0.8507523487535227	-0.11137978719354769	75-25%	109	M1	R	plan
-1.407840331765752	-0.20529491950740972	50-50%	109	M1	R	plan
0.4577831728496106	0.0954750821692869	25-75%	109	M1	R	plan
0.3631125231138823	0.08526256469351401	0-100%	109	M1	R	plan
1.7198856793920019	0.305385115610185	plan	109	M1	R	plan
-1.7166596669339047	-0.1522488888142954	exec	109	M1	R	plan
-2.2177289141916243	-0.4072626704751021	100-0%	109	S1	R	plan
-2.3792170672537885	-0.39999634418302416	75-25%	109	S1	R	plan
-2.3948758958426932	-0.45504075956002665	50-50%	109	S1	R	plan
-0.2193960193246451	-0.07302297815461382	25-75%	109	S1	R	plan
-0.48322383583321166	-0.11347524589120403	0-100%	109	S1	R	plan
-0.4766736613395374	-0.20069888238376885	plan	109	S1	R	plan
3.4481503781367713	0.39026946259549844	exec	109	S1	R	plan
-0.5777730870041957	-0.09638644432942532	100-0%	109	SPLa	R	plan
-1.0100275096751234	-0.1486940216752199	75-25%	109	SPLa	R	plan
-0.2477524911277222	-0.02212271237732877	50-50%	109	SPLa	R	plan
2.297013074125238	0.3232758278653838	25-75%	109	SPLa	R	plan
1.601798901007263	0.24167343990312531	0-100%	109	SPLa	R	plan
2.068339426843883	0.27879541561580595	plan	109	SPLa	R	plan
1.150534151546374	0.09791005181738156	exec	109	SPLa	R	plan
-1.0174321507029669	-0.1477263846747276	100-0%	109	SPLp	R	plan
-2.3382279563868384	-0.36734997844500555	75-25%	109	SPLp	R	plan
-0.990059405745244	-0.14708631096905622	50-50%	109	SPLp	R	plan
1.2452190899853226	0.2033049689468226	25-75%	109	SPLp	R	plan
1.3409461025085487	0.20092422058149312	0-100%	109	SPLp	R	plan
0.6435354612258313	0.03091392530458829	plan	109	SPLp	R	plan
2.6310679741023804	0.27491515279030815	exec	109	SPLp	R	plan
0.3407339551871486	0.06369779804132007	100-0%	110	SMA	L	plan
-0.03561680707184317	0.0021996449825496867	75-25%	110	SMA	L	plan
1.3408290195865387	0.22949833031317438	50-50%	110	SMA	L	plan
0.2256298131048637	0.04677079087521885	25-75%	110	SMA	L	plan
0.1499100530365381	0.03683765942271948	0-100%	110	SMA	L	plan
1.7153544928944542	0.3030615167335534	plan	110	SMA	L	plan
0.10072038386148019	0.012632609207551111	exec	110	SMA	L	plan
-0.24894507526803897	-0.028469962610872774	100-0%	110	PMd	L	plan
-0.36998477149421233	-0.04277314595478868	75-25%	110	PMd	L	plan
0.5875880285975208	0.09876728444638638	50-50%	110	PMd	L	plan
-0.18903994391499646	-0.010776616026608584	25-75%	110	PMd	L	plan
-0.2418287664459951	-0.02230127649101999	0-100%	110	PMd	L	plan
1.838260396088077	0.30042301699085533	plan	110	PMd	L	plan
-0.19166566355596718	-0.021177335824797566	exec	110	PMd	L	plan
-0.04574898980079574	0.010600294154881704	100-0%	110	PMv	L	plan
-0.028319673918587144	0.01855231899896103	75-25%	110	PMv	L	plan
0.5690459877905772	0.10451654181543367	50-50%	110	PMv	L	plan
-0.3117723356830935	-0.020899633950504818	25-75%	110	PMv	L	plan
-0.1461491188297029	0.005949619394866273	0-100%	110	PMv	L	plan
1.0353134228641363	0.20989251902011963	plan	110	PMv	L	plan
0.417783667315305	0.024068193809269087	exec	110	PMv	L	plan
-0.2863983091137794	-0.040117901476877306	100-0%	110	M1	L	plan
-0.8875575216462762	-0.13646893157843976	75-25%	110	M1	L	plan
0.213451576041453	0.0379991093108035	50-50%	110	M1	L	plan
-0.3632010304810406	-0.05198459885064399	25-75%	110	M1	L	plan
0.04210856058295622	0.021210097369318955	0-100%	110	M1	L	plan
4.455137300690327	0.7975598127663256	plan	110	M1	L	plan
2.535400605020147	0.17497771256749867	exec	110	M1	L	plan
-1.5010407907646026	-0.23856917873721017	100-0%	110	S1	L	plan
-1.5239329466335765	-0.23615710226119493	75-25%	110	S1	L	plan
-0.43455457007135556	-0.06751598378551062	50-50%	110	S1	L	plan
-1.6173807841946848	-0.2671109269752264	25-75%	110	S1	L	plan
-1.4015415911453017	-0.23123692879764912	0-100%	110	S1	L	plan
2.496887697428599	0.41511330398965796	plan	110	S1	L	plan
7.203222567357762	0.5869341615568711	exec	110	S1	L	plan
-0.31074748354135084	-0.03959700044449484	100-0%	110	SPLa	L	plan
-0.4024118342188378	-0.05354068326889385	75-25%	110	SPLa	L	plan
0.21749377465860975	0.05420233379137696	50-50%	110	SPLa	L	plan
-0.2589103593010155	-0.025330648775357224	25-75%	110	SPLa	L	plan
-0.2182846846619367	-0.019602293065459075	0-100%	110	SPLa	L	plan
1.9860629756754395	0.3985961335438577	plan	110	SPLa	L	plan
0.2327582295980678	-0.00969194200719106	exec	110	SPLa	L	plan
-0.2625889083858402	-0.05138454627594456	100-0%	110	SPLp	L	plan
-0.5199214578097269	-0.09432245317545183	75-25%	110	SPLp	L	plan
-0.7371944347521905	-0.140872632020502	50-50%	110	SPLp	L	plan
-1.2326538123875264	-0.23268953946360535	25-75%	110	SPLp	L	plan
-0.8831085531121181	-0.1665551403621421	0-100%	110	SPLp	L	plan
0.13014036724783293	0.042838692085596486	plan	110	SPLp	L	plan
1.5680227730965575	0.13984637114989654	exec	110	SPLp	L	plan
0.7510522612652665	0.14176683800845954	100-0%	110	SMA	R	plan
0.7238321674109741	0.13737750593082393	75-25%	110	SMA	R	plan
1.0061928045885302	0.18180057655527807	50-50%	110	SMA	R	plan
0.70281205379219	0.12098716637063181	25-75%	110	SMA	R	plan
0.7172023646285969	0.13231836139286113	0-100%	110	SMA	R	plan
2.080407778807667	0.396652552843684	plan	110	SMA	R	plan
0.3245219130086709	0.02350825376897416	exec	110	SMA	R	plan
-0.29940201102096126	-0.041571936714573016	100-0%	110	PMd	R	plan
-0.41231033930495914	-0.06845704030417658	75-25%	110	PMd	R	plan
-0.00957723804003834	0.014242692253343249	50-50%	110	PMd	R	plan
-0.23456409969494715	-0.03391132688335053	25-75%	110	PMd	R	plan
-0.13325620261341853	-0.01965365172914443	0-100%	110	PMd	R	plan
1.032951310883767	0.23295475042096178	plan	110	PMd	R	plan
0.5592908352591934	0.0528219583148792	exec	110	PMd	R	plan
-0.09755575536849855	-0.0160027699768683	100-0%	110	PMv	R	plan
-0.48899124621100876	-0.09972765398107812	75-25%	110	PMv	R	plan
-0.23841121191190343	-0.03654068893701446	50-50%	110	PMv	R	plan
-0.7168129755111541	-0.13166203482450453	25-75%	110	PMv	R	plan
-0.786326228670678	-0.1492830855045887	0-100%	110	PMv	R	plan
0.8441760299716837	0.16355689508511945	plan	110	PMv	R	plan
1.2208027438423117	0.13119854601025827	exec	110	PMv	R	plan
-0.992871605280574	-0.20836945638582147	100-0%	110	M1	R	plan
-1.0996836557100695	-0.2276473384323955	75-25%	110	M1	R	plan
-0.5927997059367531	-0.10669486550900693	50-50%	110	M1	R	plan
-1.2456777412358417	-0.26293319070265264	25-75%	110	M1	R	plan
-1.1690285419165267	-0.24919433780353678	0-100%	110	M1	R	plan
0.08570342340119784	0.05628109053987276	plan	110	M1	R	plan
0.2730099613536296	0.012063635774433437	exec	110	M1	R	plan
-1.6328761459908967	-0.33637894014507685	100-0%	110	S1	R	plan
-1.2647212394872145	-0.2469143875647817	75-25%	110	S1	R	plan
-0.8028975933194805	-0.1508334368561744	50-50%	110	S1	R	plan
-1.780484518425468	-0.36213327056970845	25-75%	110	S1	R	plan
-1.5015163517492214	-0.29803637096608976	0-100%	110	S1	R	plan
-1.038376688564274	-0.20846002256210988	plan	110	S1	R	plan
2.1831485627879355	0.23059695412814613	exec	110	S1	R	plan
-0.5090562327389667	-0.08434343896835307	100-0%	110	SPLa	R	plan
-0.6582057193536707	-0.1278601080594353	75-25%	110	SPLa	R	plan
0.043401992830393206	0.028202875049903375	50-50%	110	SPLa	R	plan
-0.6965814405615056	-0.1412866525378162	25-75%	110	SPLa	R	plan
-0.27894849213393647	-0.031979496279044235	0-100%	110	SPLa	R	plan
1.2059598653484251	0.26418922258142474	plan	110	SPLa	R	plan
-0.44321833503433733	-0.037494552601615695	exec	110	SPLa	R	plan
-0.35230695727209327	-0.08924531474511654	100-0%	110	SPLp	R	plan
-0.5644707184640667	-0.1242357347123105	75-25%	110	SPLp	R	plan
-0.4986445102181142	-0.10888415364390679	50-50%	110	SPLp	R	plan
-0.6505574789367888	-0.15248973716461087	25-75%	110	SPLp	R	plan
-0.29064660463242314	-0.05385151165040398	0-100%	110	SPLp	R	plan
-0.5331815521896301	-0.114822184628819	plan	110	SPLp	R	plan
2.2935569118330648	0.2834055351924307	exec	110	SPLp	R	plan
-0.871867836058879	-0.36246025379770774	100-0%	111	SMA	L	plan
1.0221706985207817	0.4322277693220961	75-25%	111	SMA	L	plan
0.5643371805562241	0.24239903867778248	50-50%	111	SMA	L	plan
-0.5279390320182891	-0.20964346578465556	25-75%	111	SMA	L	plan
-0.19619660185140478	-0.07684662554730481	0-100%	111	SMA	L	plan
1.1883575163710907	0.5145945591009493	plan	111	SMA	L	plan
0.662009276468898	0.14325257790413962	exec	111	SMA	L	plan
-0.19575795066457707	-0.1288265481841733	100-0%	111	PMd	L	plan
1.648337535030974	0.6160022795035064	75-25%	111	PMd	L	plan
0.8448896629839022	0.3047839004309116	50-50%	111	PMd	L	plan
-0.2428321726623219	-0.10486572621825213	25-75%	111	PMd	L	plan
0.23829778269967172	0.07414062003487114	0-100%	111	PMd	L	plan
1.8371016149583002	0.7354805246575851	plan	111	PMd	L	plan
1.0541795785983814	0.17410925825720708	exec	111	PMd	L	plan
0.9070915350144477	0.30793769846376373	100-0%	111	PMv	L	plan
1.3373721074019187	0.48420528799523505	75-25%	111	PMv	L	plan
1.025916320658833	0.37480069224168466	50-50%	111	PMv	L	plan
-0.4228454128996096	-0.18214584417624533	25-75%	111	PMv	L	plan
0.4208327259484796	0.12277611751620812	0-100%	111	PMv	L	plan
1.9760105160776877	0.7035608365423356	plan	111	PMv	L	plan
0.6055372897915694	0.1327746058637121	exec	111	PMv	L	plan
-0.09264904075436099	-0.10276148174954061	100-0%	111	M1	L	plan
1.5801620452263045	0.6274177119481298	75-25%	111	M1	L	plan
0.7173887230942841	0.2601958908881761	50-50%	111	M1	L	plan
-0.3549588634567853	-0.18136185239996683	25-75%	111	M1	L	plan
0.33053128561004996	0.10989741973877197	0-100%	111	M1	L	plan
2.6110463825562737	1.1024733033789067	plan	111	M1	L	plan
2.2964432604270044	0.4240414603716797	exec	111	M1	L	plan
0.08182224260822503	-0.021054076676590084	100-0%	111	S1	L	plan
1.2679965664368957	0.40867907828065286	75-25%	111	S1	L	plan
0.436581949097295	0.1412403887675153	50-50%	111	S1	L	plan
-0.5002732684406166	-0.21350811610788328	25-75%	111	S1	L	plan
0.08475474311200612	0.004978259991348328	0-100%	111	S1	L	plan
0.7523271933174752	0.30793291731755174	plan	111	S1	L	plan
8.332928999443238	1.4089117019578594	exec	111	S1	L	plan
0.21394192061725514	0.024329323065977865	100-0%	111	SPLa	L	plan
1.778611765929932	0.5786600941883845	75-25%	111	SPLa	L	plan
0.7643411070129362	0.24697520304659504	50-50%	111	SPLa	L	plan
0.13533330752249373	0.03860321388925112	25-75%	111	SPLa	L	plan
0.3463473636069191	0.10755860893891235	0-100%	111	SPLa	L	plan
2.3283181569831664	0.8160553393824419	plan	111	SPLa	L	plan
1.5453091725654318	0.260781106267209	exec	111	SPLa	L	plan
0.0281133589161064	0.0018071980889051886	100-0%	111	SPLp	L	plan
0.802299976492594	0.2620571059674106	75-25%	111	SPLp	L	plan
0.8539851247954713	0.27891065874009036	50-50%	111	SPLp	L	plan
0.5687628599130095	0.1918438923479045	25-75%	111	SPLp	L	plan
-7.07277684291554e-05	0.002406410921013242	0-100%	111	SPLp	L	plan
2.674984642993173	0.9055521050288778	plan	111	SPLp	L	plan
0.0981547895924101	0.023320060553428435	exec	111	SPLp	L	plan
-0.6270507492243689	-0.28955145479099326	100-0%	111	SMA	R	plan
1.2666478946361726	0.5205598537252697	75-25%	111	SMA	R	plan
0.6680778709140633	0.26326832204204736	50-50%	111	SMA	R	plan
-0.6495299625066064	-0.30209014845380666	25-75%	111	SMA	R	plan
-0.0641266936577617	-0.03775316833802068	0-100%	111	SMA	R	plan
1.2019998212288976	0.5055023338209139	plan	111	SMA	R	plan
0.6189021202590084	0.11046038645900598	exec	111	SMA	R	plan
-0.1807656982108068	-0.10592326877138519	100-0%	111	PMd	R	plan
0.5551348472518571	0.24401102690868906	75-25%	111	PMd	R	plan
0.4531611074996367	0.20202919713295384	50-50%	111	PMd	R	plan
-0.346816611660406	-0.17706959146038181	25-75%	111	PMd	R	plan
-0.029481883254388153	-0.027122880198247844	0-100%	111	PMd	R	plan
1.7764259484407743	0.7991419909250016	plan	111	PMd	R	plan
-1.2486880618664096	-0.28334858716676925	exec	111	PMd	R	plan
0.3760548429379828	0.10535829310822721	100-0%	111	PMv	R	plan
-0.11701587027543194	-0.07784850920277102	75-25%	111	PMv	R	plan
0.348984244243676	0.11179413414110352	50-50%	111	PMv	R	plan
-0.6490937573568286	-0.287069451017918	25-75%	111	PMv	R	plan
-0.08474988714770827	-0.06971114282268695	0-100%	111	PMv	R	plan
1.2839070790608351	0.44819331819041025	plan	111	PMv	R	plan
-0.8601594621305095	-0.15940223318696217	exec	111	PMv	R	plan
-0.8404734811092663	-0.3913923337114345	100-0%	111	M1	R	plan
0.2838520083543919	0.11428687043617594	75-25%	111	M1	R	plan
0.09584109946253487	0.025491117512611704	50-50%	111	M1	R	plan
-1.1613836433192437	-0.5372909214956606	25-75%	111	M1	R	plan
-0.6702169185824148	-0.30382632240350604	0-100%	111	M1	R	plan
2.2790527139251573	1.0217845642595764	plan	111	M1	R	plan
-2.958167426437272	-0.6699799092368842	exec	111	M1	R	plan
-0.9818913578164599	-0.4287638953782479	100-0%	111	S1	R	plan
-0.23301822103839584	-0.11778082729577823	75-25%	111	S1	R	plan
0.01833785035443181	-0.021791140819489293	50-50%	111	S1	R	plan
-1.3503996167389376	-0.5795273423889395	25-75%	111	S1	R	plan
-1.1303929126925907	-0.4658454093643656	0-100%	111	S1	R	plan
2.084062058429852	0.8167955224698183	plan	111	S1	R	plan
-1.542707729874675	-0.299818635615221	exec	111	S1	R	plan
-0.151446621907848	-0.07874312305233436	100-0%	111	SPLa	R	plan
0.7679937498928779	0.27032708605363664	75-25%	111	SPLa	R	plan
0.39487426588408003	0.1313507485226656	50-50%	111	SPLa	R	plan
-0.4608002905652104	-0.19721535931188375	25-75%	111	SPLa	R	plan
0.13294959843013443	0.029701847163575493	0-100%	111	SPLa	R	plan
2.2980616319730247	0.8063543629707491	plan	111	SPLa	R	plan
-2.031090077026247	-0.3522589326018856	exec	111	SPLa	R	plan
-0.4795554011716922	-0.25262802738313733	100-0%	111	SPLp	R	plan
0.2072695662614981	0.06731054615163928	75-25%	111	SPLp	R	plan
0.30213633681657714	0.11924802363316417	50-50%	111	SPLp	R	plan
-0.6184023455546733	-0.31779332599564974	25-75%	111	SPLp	R	plan
-0.5350817834134719	-0.2744651793872453	0-100%	111	SPLp	R	plan
0.8982293462882248	0.40330391566250207	plan	111	SPLp	R	plan
-0.10726723689050591	-0.0007270808750487997	exec	111	SPLp	R	plan
3.188068166188167	0.910872337950067	100-0%	112	SMA	L	plan
2.864783396894316	0.8301625323290311	75-25%	112	SMA	L	plan
2.9595211557011853	0.8546706918011404	50-50%	112	SMA	L	plan
2.9091941166357675	0.8400827650666981	25-75%	112	SMA	L	plan
2.9393719139191985	0.8415629000140711	0-100%	112	SMA	L	plan
5.201984767046195	1.5217925369008862	plan	112	SMA	L	plan
-2.835440176892467	-0.4129202031910497	exec	112	SMA	L	plan
2.2530578466593854	0.6007414442582637	100-0%	112	PMd	L	plan
2.263130562960537	0.623461091839532	75-25%	112	PMd	L	plan
2.236061596713376	0.6078971999386789	50-50%	112	PMd	L	plan
3.0896747050746427	0.839246392668495	25-75%	112	PMd	L	plan
2.7380759588545382	0.7357517102604717	0-100%	112	PMd	L	plan
6.273199920776156	1.7314043648313022	plan	112	PMd	L	plan
-4.079773306325623	-0.5623687928415926	exec	112	PMd	L	plan
1.7952601390780711	0.5497911802175539	100-0%	112	PMv	L	plan
1.3443186185729097	0.42435474980749527	75-25%	112	PMv	L	plan
1.7555734261226925	0.5296578961640427	50-50%	112	PMv	L	plan
1.4646192791964858	0.44206229283008724	25-75%	112	PMv	L	plan
1.522213101373054	0.46999299965121527	0-100%	112	PMv	L	plan
5.408219380497255	1.680681125480597	plan	112	PMv	L	plan
-5.965792358378795	-0.9307980735238048	exec	112	PMv	L	plan
0.7707249216281146	0.22935686700287256	100-0%	112	M1	L	plan
0.681901977741906	0.16697890074148558	75-25%	112	M1	L	plan
0.4013313971161015	0.10043201076726399	50-50%	112	M1	L	plan
1.8987432269530022	0.5180708469275257	25-75%	112	M1	L	plan
1.127697459567461	0.3111681725677939	0-100%	112	M1	L	plan
8.876049446339925	2.5049445745244707	plan	112	M1	L	plan
-5.433608887586848	-0.8920091119865994	exec	112	M1	L	plan
1.3793615826015528	0.3667182979734971	100-0%	112	S1	L	plan
1.4211761174772028	0.36558316091883486	75-25%	112	S1	L	plan
1.0932407717104633	0.27115624435042873	50-50%	112	S1	L	plan
1.8930655440867779	0.48121687829526827	25-75%	112	S1	L	plan
1.6157670361909884	0.4238459746877861	0-100%	112	S1	L	plan
3.3701778883490596	0.9544201674457393	plan	112	S1	L	plan
7.258426222502614	0.8656366209299056	exec	112	S1	L	plan
1.5957093868663383	0.3392670757904123	100-0%	112	SPLa	L	plan
1.884817963969239	0.41139126076551413	75-25%	112	SPLa	L	plan
1.7715542763834553	0.39415807061450786	50-50%	112	SPLa	L	plan
2.467906179982692	0.5807619792500781	25-75%	112	SPLa	L	plan
1.8770284476927763	0.41977845167929817	0-100%	112	SPLa	L	plan
4.876305751311904	1.2892708803261883	plan	112	SPLa	L	plan
-1.4166790474905442	-0.28404958599641095	exec	112	SPLa	L	plan
0.4708964687256255	0.056776429172996676	100-0%	112	SPLp	L	plan
1.596817634036315	0.3834821136665314	75-25%	112	SPLp	L	plan
1.118104227347468	0.2531860472762391	50-50%	112	SPLp	L	plan
1.6379809944541193	0.3936693490908385	25-75%	112	SPLp	L	plan
0.6406245864110854	0.11177434698861205	0-100%	112	SPLp	L	plan
3.195979220413097	0.7458798407061138	plan	112	SPLp	L	plan
0.48041924846133793	0.15394837708063905	exec	112	SPLp	L	plan
3.833242312074954	1.1961018140906208	100-0%	112	SMA	R	plan
3.220792015235238	1.008682983781559	75-25%	112	SMA	R	plan
3.0824947490374317	0.9220371481662035	50-50%	112	SMA	R	plan
3.41709744487593	1.0821452225599602	25-75%	112	SMA	R	plan
3.8782432466842622	1.2272205902300926	0-100%	112	SMA	R	plan
5.041212378195992	1.6088477062711921	plan	112	SMA	R	plan
-0.27012071170739876	-0.018788339303418528	exec	112	SMA	R	plan
1.7076347262516305	0.5786512420387055	100-0%	112	PMd	R	plan
2.0698237342725743	0.7077564181943338	75-25%	112	PMd	R	plan
1.6870709477292003	0.5740733398617629	50-50%	112	PMd	R	plan
2.0423096836143024	0.6845986334763703	25-75%	112	PMd	R	plan
1.8181795774097522	0.6151609853228774	0-100%	112	PMd	R	plan
2.0833290416581507	0.7417190013551652	plan	112	PMd	R	plan
0.8214481775992755	0.10770052769785315	exec	112	PMd	R	plan
2.328515060997584	0.6139197449258987	100-0%	112	PMv	R	plan
1.955318153578948	0.531189701620615	75-25%	112	PMv	R	plan
1.9129012436742148	0.5390648496141361	50-50%	112	PMv	R	plan
2.2694919170252614	0.6264388426622775	25-75%	112	PMv	R	plan
2.1283326908931515	0.5485348327303423	0-100%	112	PMv	R	plan
4.410858254860651	1.5323620902218242	plan	112	PMv	R	plan
-3.5669919081235606	-0.7969400494157093	exec	112	PMv	R	plan
1.2136669209159114	0.3911693672761214	100-0%	112	M1	R	plan
0.5992971164120469	0.2007640919642534	75-25%	112	M1	R	plan
0.37318267552051954	0.11652914733958697	50-50%	112	M1	R	plan
1.4406227410534869	0.48107960843271996	25-75%	112	M1	R	plan
1.0465098981338437	0.33628135874794013	0-100%	112	M1	R	plan
7.2199517980370365	2.4665349388556432	plan	112	M1	R	plan
-7.57739683769331	-1.3714942285259386	exec	112	M1	R	plan
0.17457418514545367	0.05441809359025263	100-0%	112	S1	R	plan
0.11164453366499408	0.035121323765631776	75-25%	112	S1	R	plan
0.038251322362983405	0.007990335153049763	50-50%	112	S1	R	plan
0.3948066415992132	0.1203334776403555	25-75%	112	S1	R	plan
-0.04972358655188062	-0.018810145241593534	0-100%	112	S1	R	plan
4.987222489985144	1.5983561771211132	plan	112	S1	R	plan
-5.029021202509277	-0.8159683701693887	exec	112	S1	R	plan
0.5086332533750584	0.09784724805084943	100-0%	112	SPLa	R	plan
0.25604776592184003	0.0424242705582904	75-25%	112	SPLa	R	plan
0.1493679332395415	0.005792933472099132	50-50%	112	SPLa	R	plan
0.9736428847044686	0.24480130605990402	25-75%	112	SPLa	R	plan
0.18029545421537252	0.021531443387747772	0-100%	112	SPLa	R	plan
3.979251086830996	1.144473384695563	plan	112	SPLa	R	plan
-4.533791739307973	-0.6925463697415261	exec	112	SPLa	R	plan
-0.2959738429666293	-0.1272569103075621	100-0%	112	SPLp	R	plan
0.32591036384903627	0.06133049545607026	75-25%	112	SPLp	R	plan
0.14973900496986914	0.021736494223354986	50-50%	112	SPLp	R	plan
1.1717486254955876	0.3122423733363989	25-75%	112	SPLp	R	plan
-0.33706503006571986	-0.13504330446858656	0-100%	112	SPLp	R	plan
1.9491396802113177	0.4823454135791851	plan	112	SPLp	R	plan
-0.5939595281600516	-0.008371492361918937	exec	112	SPLp	R	plan
6.195633203205851	0.6312940529577347	100-0%	113	SMA	L	plan
4.713224284082324	0.4747011166748141	75-25%	113	SMA	L	plan
5.3984446284976695	0.5673521096046932	50-50%	113	SMA	L	plan
5.0266342400319415	0.519874212747003	25-75%	113	SMA	L	plan
3.566560325423855	0.36384565495181176	0-100%	113	SMA	L	plan
11.270391842904646	1.2034673565569376	plan	113	SMA	L	plan
-19.41051547346162	-1.033659010428701	exec	113	SMA	L	plan
8.271787201155247	0.8017337344389814	100-0%	113	PMd	L	plan
8.605124944442494	0.8327231708895988	75-25%	113	PMd	L	plan
9.420232861918798	0.9258690866079311	50-50%	113	PMd	L	plan
8.019272277177745	0.7648782923685034	25-75%	113	PMd	L	plan
7.325873033858881	0.7031813152000572	0-100%	113	PMd	L	plan
18.96913277031978	1.8663914372991517	plan	113	PMd	L	plan
-23.300281915213553	-1.1595309951059698	exec	113	PMd	L	plan
7.103144878936708	0.7511057244013745	100-0%	113	PMv	L	plan
7.113716500630342	0.7221535660415977	75-25%	113	PMv	L	plan
7.12207183746632	0.7628946035047588	50-50%	113	PMv	L	plan
5.925158594648631	0.5837898107563981	25-75%	113	PMv	L	plan
4.460319305121663	0.4436594786655283	0-100%	113	PMv	L	plan
19.968940377352975	2.1817664715108047	plan	113	PMv	L	plan
-28.465168982832388	-1.5913510468149772	exec	113	PMv	L	plan
7.2265742663679715	0.9111899093273588	100-0%	113	M1	L	plan
6.601456127077434	0.7913188621923366	75-25%	113	M1	L	plan
8.754018858298814	1.0595576923001195	50-50%	113	M1	L	plan
5.919397183325659	0.7136086742036954	25-75%	113	M1	L	plan
6.174252451656822	0.7631912430910794	0-100%	113	M1	L	plan
22.01103401129321	2.6398695124164764	plan	113	M1	L	plan
-28.6201780662789	-1.7350081273481852	exec	113	M1	L	plan
10.001308354231679	1.0231976180617148	100-0%	113	S1	L	plan
11.772680751773926	1.1971807137181498	75-25%	113	S1	L	plan
11.976397835442695	1.2327995395531903	50-50%	113	S1	L	plan
9.517254182766692	0.9559402880118254	25-75%	113	S1	L	plan
9.25898067844758	0.9353535008761996	0-100%	113	S1	L	plan
26.095353268422453	2.8325240981737445	plan	113	S1	L	plan
-18.444384687520113	-1.1015559163676187	exec	113	S1	L	plan
10.105292034882915	1.05479863108122	100-0%	113	SPLa	L	plan
10.380044552562213	1.0789968949488067	75-25%	113	SPLa	L	plan
10.586305492045838	1.1073647997638265	50-50%	113	SPLa	L	plan
11.248203059064462	1.164840784046088	25-75%	113	SPLa	L	plan
11.857071040344673	1.241456590139195	0-100%	113	SPLa	L	plan
16.826485895178	1.787697770538863	plan	113	SPLa	L	plan
-9.89926698207532	-0.5230182430912981	exec	113	SPLa	L	plan
5.941832980656093	0.770135844143984	100-0%	113	SPLp	L	plan
7.8987519931556145	1.0217404124357492	75-25%	113	SPLp	L	plan
7.2973149360529135	0.9637450152967437	50-50%	113	SPLp	L	plan
7.306180499434496	0.9702422011164151	25-75%	113	SPLp	L	plan
6.6626160082682455	0.8737887776007517	0-100%	113	SPLp	L	plan
6.624507743608903	0.7681851429039184	plan	113	SPLp	L	plan
1.4609076698900196	0.218749966817285	exec	113	SPLp	L	plan
5.276509603987141	0.6625922551901292	100-0%	113	SMA	R	plan
4.177215761671239	0.5167172075144371	75-25%	113	SMA	R	plan
5.012026267948849	0.6318615353768919	50-50%	113	SMA	R	plan
3.628498360225261	0.43897882187511555	25-75%	113	SMA	R	plan
2.4981471722164623	0.3052408687562336	0-100%	113	SMA	R	plan
15.825687180039456	2.0014723572068753	plan	113	SMA	R	plan
-30.033595185369265	-1.9200940581376704	exec	113	SMA	R	plan
5.642449691618362	0.7667822215683604	100-0%	113	PMd	R	plan
6.348256207404562	0.8717125759855646	75-25%	113	PMd	R	plan
7.41674831309304	1.030968010508629	50-50%	113	PMd	R	plan
5.984591756219379	0.8210949023292751	25-75%	113	PMd	R	plan
6.25609990177045	0.8620661909060607	0-100%	113	PMd	R	plan
11.357451591824967	1.5376719383580186	plan	113	PMd	R	plan
-12.234931088649176	-0.7809337513176521	exec	113	PMd	R	plan
8.074494602781689	1.1582381453161714	100-0%	113	PMv	R	plan
6.304461005184767	0.9359097809190224	75-25%	113	PMv	R	plan
7.591127559194815	1.1323905784404056	50-50%	113	PMv	R	plan
7.469453117790921	1.0891542165044636	25-75%	113	PMv	R	plan
5.4685943318787835	0.7999676600408513	0-100%	113	PMv	R	plan
12.950444097913287	1.8917428759883836	plan	113	PMv	R	plan
-16.392112626366576	-1.1825467815729216	exec	113	PMv	R	plan
7.3640558540952945	1.0315152081275623	100-0%	113	M1	R	plan
6.624876811842855	0.9327620420701785	75-25%	113	M1	R	plan
6.697831241352137	0.960677419957577	50-50%	113	M1	R	plan
7.3621885818758965	1.0430028753548828	25-75%	113	M1	R	plan
5.399888353988907	0.7579616645265543	0-100%	113	M1	R	plan
8.727539703266414	1.240638257226849	plan	113	M1	R	plan
-10.25751503686157	-0.760697164959882	exec	113	M1	R	plan
7.876375947957892	1.1174897781110664	100-0%	113	S1	R	plan
8.45708058619461	1.168276559012696	75-25%	113	S1	R	plan
8.176749180471155	1.1506152590243843	50-50%	113	S1	R	plan
8.651265967610403	1.2091131459677815	25-75%	113	S1	R	plan
7.488411541746887	1.0307593817685858	0-100%	113	S1	R	plan
3.685082803383174	0.5099201068238226	plan	113	S1	R	plan
5.713194625180946	0.44955177062451707	exec	113	S1	R	plan
9.371891049321468	1.1372859571609408	100-0%	113	SPLa	R	plan
9.327699442218698	1.1392465580267939	75-25%	113	SPLa	R	plan
9.829267773813532	1.2239583939911511	50-50%	113	SPLa	R	plan
10.080868293908203	1.2633473017310115	25-75%	113	SPLa	R	plan
10.52599153925969	1.3228733481148012	0-100%	113	SPLa	R	plan
10.802437670204338	1.294868367043072	plan	113	SPLa	R	plan
-5.656479407593485	-0.26599902692134936	exec	113	SPLa	R	plan
5.854053604998937	0.70607148089591	100-0%	113	SPLp	R	plan
6.541837674294909	0.7896113465896083	75-25%	113	SPLp	R	plan
7.923319196643101	1.0067247637442003	50-50%	113	SPLp	R	plan
9.266518463580558	1.1827050326990172	25-75%	113	SPLp	R	plan
9.06997563971967	1.1409945778711958	0-100%	113	SPLp	R	plan
2.047503994618439	0.010772820699546073	plan	113	SPLp	R	plan
11.619264788614379	1.0233816326616538	exec	113	SPLp	R	plan
2.8007264445017093	0.6742978103185713	100-0%	114	SMA	L	plan
2.5558002080232782	0.5960308954421693	75-25%	114	SMA	L	plan
1.9363962033557305	0.4831784338543327	50-50%	114	SMA	L	plan
2.4585242300632286	0.5785922425938744	25-75%	114	SMA	L	plan
2.5185246875206886	0.5793693302690396	0-100%	114	SMA	L	plan
3.4769336600424237	0.8534862955383857	plan	114	SMA	L	plan
-0.1635967263829438	-0.05363495096110457	exec	114	SMA	L	plan
3.3741113484369905	0.7209900795357562	100-0%	114	PMd	L	plan
3.3999939309606373	0.7205666214191707	75-25%	114	PMd	L	plan
2.0701787924304282	0.461550123270321	50-50%	114	PMd	L	plan
3.0975137778931834	0.6662524115847385	25-75%	114	PMd	L	plan
2.5783635807372134	0.542596061635887	0-100%	114	PMd	L	plan
3.167319009874319	0.6478524300622702	plan	114	PMd	L	plan
4.846851756527673	0.5368518077544063	exec	114	PMd	L	plan
1.7907620962749042	0.5678766776198786	100-0%	114	PMv	L	plan
1.3891447930957552	0.45064697849295765	75-25%	114	PMv	L	plan
-0.10245449569009177	-0.0004786110768379929	50-50%	114	PMv	L	plan
1.0591564761961365	0.34063924810521906	25-75%	114	PMv	L	plan
0.9516357914787961	0.30021699122635664	0-100%	114	PMv	L	plan
1.0664650203158286	0.3599885005384069	plan	114	PMv	L	plan
3.6109508494670326	0.5654555358177236	exec	114	PMv	L	plan
2.0522464107201848	0.5132335476573087	100-0%	114	M1	L	plan
0.9129218132742722	0.24516855319495195	75-25%	114	M1	L	plan
0.26406702325587067	0.07948156839597399	50-50%	114	M1	L	plan
0.882208293295457	0.2318161536536708	25-75%	114	M1	L	plan
1.2884456684527634	0.32361883289623283	0-100%	114	M1	L	plan
2.568726235134464	0.6495549126568844	plan	114	M1	L	plan
6.961342505613962	0.7827244023482005	exec	114	M1	L	plan
0.6374201790925735	0.19515934765726475	100-0%	114	S1	L	plan
-0.20075819245580168	-0.02504260891209639	75-25%	114	S1	L	plan
-1.2582013828465748	-0.2631673093162962	50-50%	114	S1	L	plan
-0.4002082150896771	-0.07025976101667068	25-75%	114	S1	L	plan
-0.5355156563428873	-0.10960409092150615	0-100%	114	S1	L	plan
-1.4709917799515313	-0.2687256387867401	plan	114	S1	L	plan
14.844962302596999	1.7440287250226756	exec	114	S1	L	plan
1.0600374504177796	0.2853023769038801	100-0%	114	SPLa	L	plan
0.9546289426901639	0.24730094406689926	75-25%	114	SPLa	L	plan
0.16368066954742247	0.043314261145346075	50-50%	114	SPLa	L	plan
1.0993497555297709	0.2807750807913074	25-75%	114	SPLa	L	plan
0.3498065512293927	0.09801549815188443	0-100%	114	SPLa	L	plan
-0.5259277494583193	-0.10677614641867371	plan	114	SPLa	L	plan
6.76713736467049	0.8583673834716027	exec	114	SPLa	L	plan
1.2050341092877146	0.36046883306101596	100-0%	114	SPLp	L	plan
1.433775434021924	0.43907405558128454	75-25%	114	SPLp	L	plan
0.5542264127165688	0.16248629580798873	50-50%	114	SPLp	L	plan
1.2349904943428067	0.3743380883918133	25-75%	114	SPLp	L	plan
0.7354271489845149	0.22067432052418595	0-100%	114	SPLp	L	plan
0.6976228596357765	0.18433264107913072	plan	114	SPLp	L	plan
2.8690651679175225	0.4707106568285007	exec	114	SPLp	L	plan
2.5646717622230475	0.8219203546486924	100-0%	114	SMA	R	plan
1.962562509902748	0.6170763640331812	75-25%	114	SMA	R	plan
1.8582226271783078	0.60044542163349	50-50%	114	SMA	R	plan
1.8118641513678373	0.5797880459682804	25-75%	114	SMA	R	plan
2.0287211736782025	0.6503504150461366	0-100%	114	SMA	R	plan
4.503979030150482	1.4450189449940172	plan	114	SMA	R	plan
-2.5236861805530624	-0.4236702193803303	exec	114	SMA	R	plan
1.0506986973308388	0.38506948514617	100-0%	114	PMd	R	plan
0.8599065247250846	0.3122153733962177	75-25%	114	PMd	R	plan
0.5059049940235884	0.18810873344085216	50-50%	114	PMd	R	plan
0.8832236060715464	0.3296105214872852	25-75%	114	PMd	R	plan
0.5879053450841257	0.22057516119831594	0-100%	114	PMd	R	plan
2.6532061024057545	0.9128521733682827	plan	114	PMd	R	plan
-1.8351692482706377	-0.2959429842791473	exec	114	PMd	R	plan
0.8944252448921429	0.30971755029318054	100-0%	114	PMv	R	plan
1.0170167979516747	0.34996287784051205	75-25%	114	PMv	R	plan
0.37465319286304666	0.14116527150002606	50-50%	114	PMv	R	plan
0.5558026531247274	0.20136083383102427	25-75%	114	PMv	R	plan
0.37634160730157656	0.1345750959118413	0-100%	114	PMv	R	plan
3.2078934806445356	1.0850012634724764	plan	114	PMv	R	plan
-4.463538974911167	-0.7311834192159028	exec	114	PMv	R	plan
0.06140874761484862	0.04430342655655199	100-0%	114	M1	R	plan
0.3126260150316808	0.1152533330440812	75-25%	114	M1	R	plan
-0.3611631782122255	-0.1059577176987168	50-50%	114	M1	R	plan
-0.026967239726770998	0.0081505663920133	25-75%	114	M1	R	plan
0.03977507574656656	0.0010675218893797874	0-100%	114	M1	R	plan
3.390440294545592	1.187829941510663	plan	114	M1	R	plan
-4.563183393969912	-0.8002415050087248	exec	114	M1	R	plan
-0.7459949789118535	-0.21607973980243417	100-0%	114	S1	R	plan
-0.8961001407622411	-0.2546831562295726	75-25%	114	S1	R	plan
-1.3059738523163982	-0.40289713711219677	50-50%	114	S1	R	plan
-1.1541860177919725	-0.34597680190823815	25-75%	114	S1	R	plan
-1.3079873176069337	-0.39915318045813014	0-100%	114	S1	R	plan
1.0017890867969508	0.3824123560994856	plan	114	S1	R	plan
-0.8919002061706081	-0.20554829657463386	exec	114	S1	R	plan
0.23911927826066512	0.08364490119592748	100-0%	114	SPLa	R	plan
-0.2578572836338504	-0.05959791856825102	75-25%	114	SPLa	R	plan
-0.6620191904032103	-0.19507613346759548	50-50%	114	SPLa	R	plan
0.030364994597639264	0.014900321632342535	25-75%	114	SPLa	R	plan
-0.21286143251204476	-0.06988417323014595	0-100%	114	SPLa	R	plan
1.0611976022832095	0.34872998839613895	plan	114	SPLa	R	plan
1.1937991950574534	0.16835547993691716	exec	114	SPLa	R	plan
0.17967042871100677	0.07315957989593026	100-0%	114	SPLp	R	plan
-0.05538895719915934	0.00036716626029532483	75-25%	114	SPLp	R	plan
-0.7755398474152166	-0.21841306278673736	50-50%	114	SPLp	R	plan
0.20651455562746496	0.07805463760240457	25-75%	114	SPLp	R	plan
-0.17772073309016534	-0.04539578412916558	0-100%	114	SPLp	R	plan
0.9216906461394766	0.27535694409247463	plan	114	SPLp	R	plan
-0.01739657915237805	0.01044304342190953	exec	114	SPLp	R	plan
3.048039896562469	0.9308884966882134	100-0%	115	SMA	L	plan
1.7738733538119091	0.5720585825802882	75-25%	115	SMA	L	plan
2.033247379568171	0.64999567463091	50-50%	115	SMA	L	plan
1.9631479228698168	0.623121475832259	25-75%	115	SMA	L	plan
2.893599803941642	0.904590551811399	0-100%	115	SMA	L	plan
0.6982785729833287	0.3896908553622699	plan	115	SMA	L	plan
3.169778885154875	0.410442120213324	exec	115	SMA	L	plan
4.664637947584734	1.3069631859519066	100-0%	115	PMd	L	plan
3.26021201140295	0.9071607336093435	75-25%	115	PMd	L	plan
3.557103502518361	0.978891660857523	50-50%	115	PMd	L	plan
3.568900968181188	0.9959061985452647	25-75%	115	PMd	L	plan
4.16539668520462	1.1574574266743891	0-100%	115	PMd	L	plan
1.2900898733338397	0.4605214418416877	plan	115	PMd	L	plan
4.498370878922883	0.593008089982965	exec	115	PMd	L	plan
1.6550560895051738	0.4862342381868028	100-0%	115	PMv	L	plan
0.3535651561424688	0.11617326734549537	75-25%	115	PMv	L	plan
0.7884957615182632	0.20650209579638384	50-50%	115	PMv	L	plan
0.45555526279430425	0.14515756494503862	25-75%	115	PMv	L	plan
1.2551614486559022	0.37129561730151533	0-100%	115	PMv	L	plan
1.355622786719835	0.4871189492866518	plan	115	PMv	L	plan
-0.094182891782246	-0.09364479821182788	exec	115	PMv	L	plan
2.0747700430255556	0.5426409511927462	100-0%	115	M1	L	plan
0.7433752287217167	0.1626920517270364	75-25%	115	M1	L	plan
0.14444608572546142	-0.021731973526375313	50-50%	115	M1	L	plan
0.684947792563944	0.154329354967021	25-75%	115	M1	L	plan
0.6586973092076795	0.14469019182324183	0-100%	115	M1	L	plan
-3.0703527229456817	-0.7433939182366455	plan	115	M1	L	plan
14.12646165962071	1.9404418945346642	exec	115	M1	L	plan
1.870670955054124	0.4221496222888863	100-0%	115	S1	L	plan
0.7698851932423822	0.13281145821422866	75-25%	115	S1	L	plan
-0.007937811581407193	-0.10365857553188107	50-50%	115	S1	L	plan
0.7136367483523937	0.10715531312139669	25-75%	115	S1	L	plan
0.7929162987151036	0.14190889427613562	0-100%	115	S1	L	plan
-3.04169984588345	-0.6151601949304817	plan	115	S1	L	plan
13.549997017754603	1.6433775348561959	exec	115	S1	L	plan
5.824300843619002	1.2471360194331953	100-0%	115	SPLa	L	plan
4.235478815213187	0.8914332094402271	75-25%	115	SPLa	L	plan
5.58492370157097	1.1804709873826715	50-50%	115	SPLa	L	plan
4.458650361938087	0.9591276856484446	25-75%	115	SPLa	L	plan
5.321462947093408	1.1487577843373895	0-100%	115	SPLa	L	plan
7.191087487820213	1.5426848938597026	plan	115	SPLa	L	plan
0.26771124227780485	0.06011770910234972	exec	115	SPLa	L	plan
4.941823551552969	1.1726313450158503	100-0%	115	SPLp	L	plan
3.608917265849697	0.8607936206212512	75-25%	115	SPLp	L	plan
5.515823343725962	1.301918334233764	50-50%	115	SPLp	L	plan
3.488377230853632	0.8382399614341001	25-75%	115	SPLp	L	plan
5.136203273987595	1.227581392266821	0-100%	115	SPLp	L	plan
5.308406861275741	1.3368898762200785	plan	115	SPLp	L	plan
-0.4329182864683406	-0.06349539586214861	exec	115	SPLp	L	plan
1.9350477917565323	0.5530474307236631	100-0%	115	SMA	R	plan
1.0403957978545515	0.29278622589449116	75-25%	115	SMA	R	plan
1.601585271706311	0.44212501474813387	50-50%	115	SMA	R	plan
1.212921275952689	0.324611881765311	25-75%	115	SMA	R	plan
1.758643240767508	0.48532218450190695	0-100%	115	SMA	R	plan
0.6879118249461204	0.2819511735269195	plan	115	SMA	R	plan
0.7674249472295274	0.029966086060505312	exec	115	SMA	R	plan
0.9034724992443172	0.2499678661929226	100-0%	115	PMd	R	plan
-0.4333367395535371	-0.12065207441130617	75-25%	115	PMd	R	plan
1.0976330217627097	0.2985955793382202	50-50%	115	PMd	R	plan
0.09140212951008211	0.03370584281924254	25-75%	115	PMd	R	plan
0.10614385373735381	0.016000912057873056	0-100%	115	PMd	R	plan
2.2111444677067595	0.61175711372935	plan	115	PMd	R	plan
-1.601820507565191	-0.21870432876756624	exec	115	PMd	R	plan
-0.9878790679497421	-0.2726909937132952	100-0%	115	PMv	R	plan
-2.9141288238733063	-0.7742118473681361	75-25%	115	PMv	R	plan
0.2139987035431543	-0.008615424794531852	50-50%	115	PMv	R	plan
-1.8229874572051423	-0.4800931758834706	25-75%	115	PMv	R	plan
0.08567783740640376	-0.016556074892081846	0-100%	115	PMv	R	plan
5.387572950866023	1.3427567276038535	plan	115	PMv	R	plan
-7.612210952605815	-1.0182136191219175	exec	115	PMv	R	plan
1.0707200480971324	0.2447825087138941	100-0%	115	M1	R	plan
-0.22510404939181763	-0.05925084974942965	75-25%	115	M1	R	plan
1.377968277320086	0.31144768604462103	50-50%	115	M1	R	plan
0.2645172152271126	0.05679262898919092	25-75%	115	M1	R	plan
0.7011871935136682	0.15600233744003464	0-100%	115	M1	R	plan
4.500530825894761	1.144023281623737	plan	115	M1	R	plan
-4.568554756118146	-0.5945120769571206	exec	115	M1	R	plan
3.4376393941163306	0.8463331643407038	100-0%	115	S1	R	plan
2.421063252614547	0.5810932452905218	75-25%	115	S1	R	plan
3.8250167175061742	0.9240267814408677	50-50%	115	S1	R	plan
2.7971764473636074	0.7047382674114985	25-75%	115	S1	R	plan
3.1617006615528824	0.7597762991891179	0-100%	115	S1	R	plan
7.255962491907012	1.7825236123650854	plan	115	S1	R	plan
-4.309562425542419	-0.5747937137790746	exec	115	S1	R	plan
3.6281386735882526	0.9080178709555184	100-0%	115	SPLa	R	plan
2.9840765003261582	0.7474921465802861	75-25%	115	SPLa	R	plan
4.626275901087092	1.138642408892176	50-50%	115	SPLa	R	plan
2.905887951389423	0.7236535747805546	25-75%	115	SPLa	R	plan
3.1609996534467197	0.7827326532868837	0-100%	115	SPLa	R	plan
4.286470622257767	1.0780986281189446	plan	115	SPLa	R	plan
-1.3831150082727246	-0.1850990306197976	exec	115	SPLa	R	plan
3.3899168571268854	0.9657744504443071	100-0%	115	SPLp	R	plan
2.946171958733287	0.837602773170961	75-25%	115	SPLp	R	plan
4.4509796356053455	1.2667973750075299	50-50%	115	SPLp	R	plan
3.216290686573724	0.9207688904691852	25-75%	115	SPLp	R	plan
3.845792434545616	1.0842512853989024	0-100%	115	SPLp	R	plan
4.827537075955233	1.3700140202780322	plan	115	SPLp	R	plan
-0.47783096939684394	-0.05858780258256039	exec	115	SPLp	R	plan
