r_indiv	r_group	SNR	corr	glm	ci_lo	ci_hi	sigma2_1	sigma2_2	sigma2_e	Hem	roi	participant_id
-0.9998512199584124	0.6323699091446185	3.422086803637339e-11	plan-exec	12	0.5048106146013424	0.7108366495972249	3.57318496462306e-20	0.07087206825314446	1.4705313272542417	L	M1	102
0.7257595773507648	0.6323699091446185	0.08729717361569178	plan-exec	12	0.5048106146013424	0.7108366495972249	0.02956500065158015	0.3059605089062389	1.0894854905158793	L	M1	103
0.8133161713106473	0.6323699091446185	0.10475624081672949	plan-exec	12	0.5048106146013424	0.7108366495972249	0.049385497080435145	0.2621175178758235	1.086095045962627	L	M1	104
0.9999992779280797	0.6323699091446185	0.021236239654967334	plan-exec	12	0.5048106146013424	0.7108366495972249	0.003016467933216754	0.08391041250889364	0.7491687729520878	L	M1	105
0.8519877314264501	0.6323699091446185	0.06373943580729914	plan-exec	12	0.5048106146013424	0.7108366495972249	0.01439258135004078	0.24345152419024546	0.9286827535730716	L	M1	106
0.5315004874261504	0.6323699091446185	0.08042616492021548	plan-exec	12	0.5048106146013424	0.7108366495972249	0.06349111335633228	0.13201385137746133	1.1383317834155418	L	M1	107
-0.9999983660966584	0.6323699091446185	0.009797350430446855	plan-exec	12	0.5048106146013424	0.7108366495972249	0.0009496282517981775	0.11139860702614152	1.04980358447417	L	M1	108
0.18063637479459677	0.6323699091446185	0.06971183614514605	plan-exec	12	0.5048106146013424	0.7108366495972249	0.03422926668244061	0.22355232265120906	1.2548212621656167	L	M1	109
0.7278207937787828	0.6323699091446185	0.19738156035079127	plan-exec	12	0.5048106146013424	0.7108366495972249	0.11517619822041436	0.7672454337731008	1.5060588688072476	L	M1	110
0.7226533981835587	0.6323699091446185	0.04471995047762182	plan-exec	12	0.5048106146013424	0.7108366495972249	0.024364767913630646	0.09352269662685055	1.0674273736141557	L	M1	111
0.6007826596621215	0.6323699091446185	0.051402143263436985	plan-exec	12	0.5048106146013424	0.7108366495972249	0.023067975883023513	0.21140080167405872	1.3585537687998825	L	M1	112
0.20394598489609475	0.6323699091446185	0.0876138582794567	plan-exec	12	0.5048106146013424	0.7108366495972249	0.0365824292618868	0.43999522735066515	1.4480629693753069	L	M1	113
0.6524132136162851	0.6323699091446185	0.1553161772492096	plan-exec	12	0.5048106146013424	0.7108366495972249	0.09656883232533668	0.3503019270535674	1.1841945566014414	L	M1	114
0.5239242163881529	0.6323699091446185	0.030856418382136885	plan-exec	12	0.5048106146013424	0.7108366495972249	0.0061289534491640076	0.08475030862495671	0.7386152855881857	L	M1	115
-0.9999999923611589	0.611243033846474	0.010750365062707592	plan-exec	12	0.48705594871633207	0.718179079076032	0.00411364590576323	0.06757022200049954	1.550843283245176	L	S1	102
0.5483428810911876	0.611243033846474	0.10348343001748019	plan-exec	12	0.48705594871633207	0.718179079076032	0.06047368335733328	0.39533088879218287	1.4941450831474419	L	S1	103
0.7749115039274312	0.611243033846474	0.24383893275806498	plan-exec	12	0.48705594871633207	0.718179079076032	0.1360044935799984	0.6241746180461436	1.1948864385323623	L	S1	104
0.6594529194704443	0.611243033846474	0.0617864960789068	plan-exec	12	0.48705594871633207	0.718179079076032	0.02536642133791485	0.11246634399842298	0.8644648172603077	L	S1	105
0.5026256829277321	0.611243033846474	0.0918779352261444	plan-exec	12	0.48705594871633207	0.718179079076032	0.04346545357276116	0.26384023163222564	1.1655512944682274	L	S1	106
0.6036337714095461	0.611243033846474	0.12568935708433382	plan-exec	12	0.48705594871633207	0.718179079076032	0.11343872034069566	0.24963690188889678	1.3388642542501863	L	S1	107
0.3274780601147226	0.611243033846474	0.026895900591819125	plan-exec	12	0.48705594871633207	0.718179079076032	0.006994183351346195	0.15360381156597763	1.2186624001107882	L	S1	108
0.49001568853753996	0.611243033846474	0.0875954996025121	plan-exec	12	0.48705594871633207	0.718179079076032	0.052324699751384596	0.43332506554194483	1.719010320909135	L	S1	109
0.6278181994515303	0.611243033846474	0.22691235555162118	plan-exec	12	0.48705594871633207	0.718179079076032	0.14087397161410903	1.3466609248399157	1.9194922566600516	L	S1	110
1.0	0.611243033846474	0.10676309870090053	plan-exec	12	0.48705594871633207	0.718179079076032	0.04115851327356928	0.3019069968733272	1.044107602912635	L	S1	111
0.46849502845311464	0.611243033846474	0.049364283968704896	plan-exec	12	0.48705594871633207	0.718179079076032	0.02306621416598407	0.2749017595094892	1.6131103505950328	L	S1	112
0.2350723078665673	0.611243033846474	0.11835282814462127	plan-exec	12	0.48705594871633207	0.718179079076032	0.04930255871633783	0.9378376143590093	1.816853512613171	L	S1	113
0.5080173470261574	0.611243033846474	0.1113865044656774	plan-exec	12	0.48705594871633207	0.718179079076032	0.06802816798977558	0.3761032317987698	1.4360360591416361	L	S1	114
0.490915927786934	0.611243033846474	0.050310082422222874	plan-exec	12	0.48705594871633207	0.718179079076032	0.029081576229228984	0.0681240736786929	0.8847167445763182	L	S1	115
-0.9999999620180035	-0.8178643437179808	0.02685712937187163	cue-finger	12	-1.0	-0.6851485107020341	0.2680713304423091	0.027081066203069167	3.1724769336883143	L	M1	102
-0.6622888903154858	-0.8178643437179808	0.065152192734316	cue-finger	12	-1.0	-0.6851485107020341	0.1524769850651063	0.16872404832928373	2.461850096285429	L	M1	103
-0.8758732394264358	-0.8178643437179808	0.06258309252653146	cue-finger	12	-1.0	-0.6851485107020341	0.13634708365286657	0.1455944549976651	2.2513256750278563	L	M1	104
-0.999999982444762	-0.8178643437179808	0.03276322859456394	cue-finger	12	-1.0	-0.6851485107020341	0.12531755984096896	0.021839650865142935	1.5967690957413578	L	M1	105
-0.715584029335575	-0.8178643437179808	0.0502412238772264	cue-finger	12	-1.0	-0.6851485107020341	0.1013526142485018	0.11833822305707883	2.179815764905482	L	M1	106
-0.9999994548412816	-0.8178643437179808	0.02719184085485535	cue-finger	12	-1.0	-0.6851485107020341	0.14210269625783148	0.03293625348277867	2.515936336965691	L	M1	107
-0.9999999674074498	-0.8178643437179808	0.02330884748488519	cue-finger	12	-1.0	-0.6851485107020341	0.15942440803501512	0.019364151515132533	2.3837233046219053	L	M1	108
-0.9999999434772897	-0.8178643437179808	0.04603705684987118	cue-finger	12	-1.0	-0.6851485107020341	0.21463872939000841	0.07235771931889495	2.707004188894847	L	M1	109
-0.6473277893619478	-0.8178643437179808	0.09550658352676905	cue-finger	12	-1.0	-0.6851485107020341	0.18128057698981112	0.5787147625464132	3.3913655810741377	L	M1	110
-0.9999999969702739	-0.8178643437179808	0.029443529005150366	cue-finger	12	-1.0	-0.6851485107020341	0.13676327345835762	0.0349128452115371	2.346861730700264	L	M1	111
-0.999999724343363	-0.8178643437179808	0.03010410007661101	cue-finger	12	-1.0	-0.6851485107020341	0.1642232663625599	0.05107314624566891	3.0422016678165	L	M1	112
-0.4629800226035255	-0.8178643437179808	0.056742073635855	cue-finger	12	-1.0	-0.6851485107020341	0.19979962888447098	0.15855112657164086	3.1367275740494507	L	M1	113
-0.5681737828764776	-0.8178643437179808	0.05850872728669705	cue-finger	12	-1.0	-0.6851485107020341	0.14061905331212785	0.18962684258677578	2.790945401631521	L	M1	114
-0.999998458223491	-0.8178643437179808	0.027355103055498084	cue-finger	12	-1.0	-0.6851485107020341	0.0988195391489449	0.01819838730699212	1.5502420350921327	L	M1	115
-0.9999999999979026	-0.6089706204180413	0.031239178266604654	cue-finger	12	-0.8718550954046442	-0.529313504985398	0.3117872757194569	0.03334996812407355	3.264204083996442	L	S1	102
-0.6065191482469721	-0.6089706204180413	0.06673764575936963	cue-finger	12	-0.8718550954046442	-0.529313504985398	0.21146691496598286	0.2208954985792333	3.238498985276936	L	S1	103
-0.5385399806245025	-0.6089706204180413	0.11662149841514634	cue-finger	12	-0.8718550954046442	-0.529313504985398	0.17831918871223462	0.49015730801515367	2.5350595388422628	L	S1	104
-0.9999999872608974	-0.6089706204180413	0.03377077506494222	cue-finger	12	-0.8718550954046442	-0.529313504985398	0.14091967550045387	0.03046849294670224	1.940306219504755	L	S1	105
-0.6503512075092761	-0.6089706204180413	0.05524554194707326	cue-finger	12	-0.8718550954046442	-0.529313504985398	0.17976862825264467	0.11741551763029794	2.62979843448751	L	S1	106
-0.768087025993888	-0.6089706204180413	0.04023469491140292	cue-finger	12	-0.8718550954046442	-0.529313504985398	0.14658690480142642	0.0931286822181616	2.903946451025023	L	S1	107
-0.9999996306937795	-0.6089706204180413	0.025223343109812744	cue-finger	12	-0.8718550954046442	-0.529313504985398	0.19089479448900085	0.028452737232883323	2.921839943314219	L	S1	108
-0.7795981777989787	-0.6089706204180413	0.05458797997464044	cue-finger	12	-0.8718550954046442	-0.529313504985398	0.278306340246081	0.14791849773118837	3.716856295584434	L	S1	109
-0.555975654732785	-0.6089706204180413	0.1292464748030238	cue-finger	12	-0.8718550954046442	-0.529313504985398	0.28142164303256456	1.1067985283888755	4.318116221170474	L	S1	110
-0.9511150244289616	-0.6089706204180413	0.06554625257167221	cue-finger	12	-0.8718550954046442	-0.529313504985398	0.12314341629727919	0.17911534741645832	2.2658133518558263	L	S1	111
-0.599993507932544	-0.6089706204180413	0.03406700551723089	cue-finger	12	-0.8718550954046442	-0.529313504985398	0.22386423757079255	0.0696568388974248	3.665559557309218	L	S1	112
-0.32067453906828836	-0.6089706204180413	0.11583503841073019	cue-finger	12	-0.8718550954046442	-0.529313504985398	0.36844266682604027	0.5771505304598935	3.9809760160078578	L	S1	113
-0.41689910870157393	-0.6089706204180413	0.05040822347793104	cue-finger	12	-0.8718550954046442	-0.529313504985398	0.15789091629831012	0.1827372433456539	3.3696959436727933	L	S1	114
-0.9999999426992399	-0.6089706204180413	0.01861879678944106	cue-finger	12	-0.8718550954046442	-0.529313504985398	0.09576779297162179	0.01223850459190807	1.8387483883894273	L	S1	115
